"FirstName";"ID"
"Aacine";1
"Aadel";2
"Aadny";3
"Aagesine";4
"Aagodt";5
"Aagot";6
"Aagoth";7
"Aala";8
"Aaliyah";9
"Aarlaug";10
"Aarny";11
"Aasa";12
"Aasbjørg";13
"Aase";14
"Aasel";15
"Aaselia";16
"Aaselie";17
"Aaselle";18
"Aasene";19
"Aasfrid";20
"Aasgjerd";21
"Aashild";22
"Aasina";23
"Aasine";24
"Aaslaug";25
"Aasne";26
"Aasny";27
"Aassa";28
"Aassine";29
"Aasta";30
"Aaste";31
"Aasveig";32
"Aatelia";33
"Aavet";34
"Abbi";35
"Abbie";36
"Abby";37
"Abegail";38
"Abel";39
"Abelina";40
"Abeline";41
"Abelone";42
"Abelu";43
"Abelu";44
"Abigael";45
"Abigail";46
"Ablu";47
"Ablu";48
"Abrahamine";49
"Acacia";50
"Ada";51
"Adaliz";52
"Adama";53
"Adda";54
"Addy";55
"Adea";56
"Adel";57
"Ådel";58
"Adela";59
"Adelaida";60
"Adelaide";61
"Adele";62
"Adeleide";63
"Adeleine";64
"Adelheid";65
"Adelia";66
"Adelie";67
"Adeli";68
"Adelina";69
"Adeline";70
"Adelis";71
"Adelisa";72
"Adelle";73
"Adelus";74
"Adi";75
"Adina";76
"Adine";77
"Adla";78
"Adlaug";79
"Adna";80
"Ådny";81
"Adolfina";82
"Adolfine";83
"Adriana";84
"Adriane";85
"Adrianna";86
"Adrianne";87
"Adrienne";88
"Adrina";89
"Adrine";90
"Åfrid";91
"Agar";92
"Agata";93
"Agate";94
"Agatha";95
"Agathe";96
"Agda";97
"Agdis";98
"Ågesina";99
"Ågesine";100
"Agga";101
"Aggi";102
"Aggie";103
"Agla";104
"Aglaia";105
"Agna";106
"Agne";107
"Agnes";108
"Agnesa";109
"Agnese";110
"Agneta";111
"Agnete";112
"Agnetha";113
"Agnethe";114
"Agnette";115
"Agnhild";116
"Agni";117
"Agno";118
"Agnora";119
"Agny";120
"Ågodt";121
"Ågot";122
"Ågota";123
"Ågote";124
"Ågoth";125
"Ågu";126
"Ågun";127
"Ahlet";128
"Aia";129
"Aid";130
"Aida";131
"Aija";132
"Aila";133
"Ailee";134
"Aile";135
"Aili";136
"Aili";137
"Aima";138
"Aime";139
"Aimee";140
"Aimée";141
"Aimi";142
"Aimy";143
"Aina";144
"Aini";145
"Aino";146
"Aira";147
"Airi";148
"Airi";149
"Aisa";150
"Aiva";151
"Aivi";152
"Aja";153
"Ajla";154
"Ajna";155
"Akira";156
"Aksa";157
"Akseliane";158
"Akseline";159
"Akvilina";160
"Al";161
"Ala";162
"Aladine";163
"Alæta";164
"Alæte";165
"Alætha";166
"Alæthe";167
"Alana";168
"Ålaug";169
"Alba";170
"Albana";171
"Albane";172
"Alberta";173
"Alberte";174
"Alberthina";175
"Alberthine";176
"Albertina";177
"Albertine";178
"Albina";179
"Albine";180
"Albjørg";181
"Alda";182
"Alde";183
"Aldina";184
"Aldine";185
"Aldis";186
"Aldora";187
"Ale";188
"Alea";189
"Aleah";190
"Aleena";191
"Åleiv";192
"Aleksandra";193
"Aleksandrina";194
"Aleksandrine";195
"Alena";196
"Ales";197
"Alessandra";198
"Alessia";199
"Alet";200
"Aleta";201
"Alete";202
"Aletha";203
"Alethe";204
"Aletta";205
"Alette";206
"Alex";207
"Alexa";208
"Alexandra";209
"Alexandria";210
"Alexandrina";211
"Alexandrine";212
"Alexia";213
"Alexis";214
"Alexsandra";215
"Alfa";216
"Alfhild";217
"Alfie";218
"Alfild";219
"Alfine";220
"Alfrid";221
"Alfrida";222
"Alfru";223
"Ali";224
"Alia";225
"Aliana";226
"Alica";227
"Alice";228
"Alicia";229
"Alicja";230
"Alida";231
"Alija";232
"Alika";233
"Ali";234
"Alina";235
"Aline";236
"Alis";237
"Alisa";238
"Alise";239
"Alisha";240
"Aliso";241
"Alissa";242
"Alita";243
"Alix";244
"Aliza";245
"Aljona";246
"Alka";247
"Alla";248
"Allæta";249
"Allæte";250
"Allætha";251
"Allæthe";252
"Allaug";253
"Alleta";254
"Allete";255
"Alletha";256
"Allethe";257
"Allette";258
"Alli";259
"Allis";260
"Alliso";261
"Ally";262
"Alma";263
"Almina";264
"Almine";265
"Almira";266
"Alona";267
"Alotte";268
"Ålov";269
"Alrikke";270
"Alsine";271
"Alte";272
"Althea";273
"Alva";274
"Alvara";275
"Alvdis";276
"Alvfinna";277
"Alvfrid";278
"Alvgjerd";279
"Alvheid";280
"Alvhild";281
"Alvhilde";282
"Alvida";283
"Alvilda";284
"Alvilde";285
"Alvina";286
"Alvine";287
"Alvira";288
"Alvlaug";289
"Alvny";290
"Alvru";291
"Alya";292
"Alyda";293
"Alyssa";294
"Ama";295
"Amadea";296
"Amagda";297
"Amagna";298
"Amaia";299
"Amal";300
"Amalia";301
"Amalie";302
"Amanda";303
"Amara";304
"Amaya";305
"Amber";306
"Ambjørg";307
"Ambor";308
"Amborg";309
"Ambra";310
"Ambrosia";311
"Amela";312
"Amelia";313
"Amelie";314
"Amely";315
"Ami";316
"Amie";317
"Amiira";318
"Amilia";319
"Amina";320
"Aminda";321
"Aminde";322
"Amine";323
"Amira";324
"Amirah";325
"Ammy";326
"Amor";327
"Amra";328
"Amunda";329
"Amundine";330
"Amy";331
"A";332
"Ana";333
"Anabel";334
"Anabela";335
"Anabell";336
"Anabella";337
"Anabelle";338
"Anais";339
"Analia";340
"Anastacia";341
"Anastasia";342
"Anastasija";343
"Anastasiya";344
"Anastassia";345
"Anaya";346
"Anbjørg";347
"Anborg";348
"Anca";349
"Ande";350
"Andi";351
"Andine";352
"Andora";353
"Andra";354
"Andrea";355
"Andreana";356
"Andreea";357
"Andreia";358
"Andreja";359
"Andrese";360
"Andresine";361
"Andria";362
"Andriana";363
"Andrianna";364
"Andrina";365
"Andrine";366
"Andy";367
"Ane";368
"Anea";369
"Aneberte";370
"Anela";371
"Anelia";372
"Anelise";373
"Anemarja";374
"Anemarta";375
"Anemone";376
"Aneta";377
"Anete";378
"Aneth";379
"Anethe";380
"Anett";381
"Anetta";382
"Anette";383
"Anfine";384
"Anfrid";385
"Angel";386
"Angela";387
"Angele";388
"Angelia";389
"Angelica";390
"Angelie";391
"Angelika";392
"Angelike";393
"Angelina";394
"Angeline";395
"Angelique";396
"Angélique";397
"Angelita";398
"Angerd";399
"Angjerd";400
"Angu";401
"Angun";402
"Anhild";403
"Ani";404
"Ania";405
"Anica";406
"Anicke";407
"Anie";408
"Aniela";409
"Anika";410
"Anike";411
"Anikka";412
"Anila";413
"Anina";414
"Anine";415
"Anisa";416
"Anissa";417
"Anita";418
"Anitha";419
"Anitra";420
"Anitta";421
"Anja";422
"Anje";423
"Anjelica";424
"Anka";425
"Anke";426
"Anki";427
"Anlaug";428
"Anloug";429
"An";430
"Anna";431
"Annabel";432
"Annabell";433
"Annabella";434
"Annabelle";435
"Annabeth";436
"Annalena";437
"Annalisa";438
"Annalise";439
"Annamaria";440
"Annbjørg";441
"Annborg";442
"Anne";443
"Annea";444
"Annebeth";445
"Annebrit";446
"Annebritt";447
"Annegret";448
"Annegrete";449
"Anneke";450
"Anneke";451
"Annela";452
"Annele";453
"Annelene";454
"Anneli";455
"Annelie";456
"Anneliese";457
"Annelill";458
"Anneli";459
"Anneline";460
"Annelise";461
"Annemari";462
"Annemarie";463
"Annemarte";464
"Annemette";465
"Annemone";466
"Annemor";467
"Annet";468
"Anneth";469
"Annethe";470
"Annett";471
"Annette";472
"Annfrid";473
"Anngerda";474
"Anngjerd";475
"Anngun";476
"Anngunna";477
"Annhild";478
"Anni";479
"Annica";480
"Annick";481
"Annicka";482
"Annicke";483
"Annicke";484
"Annie";485
"Annifrid";486
"Annik";487
"Annika";488
"Annike";489
"Annike";490
"Annikka";491
"Annikke";492
"Annikki";493
"Annille";494
"Annina";495
"Annine";496
"Annita";497
"Annja";498
"Annlaug";499
"Annmari";500
"Annø";501
"Annveig";502
"Annvor";503
"Anny";504
"Ånny";505
"Anora";506
"Anouk";507
"Ansa";508
"Anselma";509
"Antea";510
"Anthea";511
"Anthonie";512
"Antigona";513
"Antigone";514
"Antine";515
"Antje";516
"Antoinette";517
"Antona";518
"Antonella";519
"Antonette";520
"Antonia";521
"Antonie";522
"Antonina";523
"Antonine";524
"Antora";525
"Anu";526
"Ånunda";527
"Anuska";528
"Anveig";529
"Anvor";530
"Anya";531
"Apolina";532
"Apoline";533
"Apolline";534
"Apollonia";535
"Apolonia";536
"April";537
"Ara";538
"Arabella";539
"Aranka";540
"Aranya";541
"Ardis";542
"Arentine";543
"Areta";544
"Aretha";545
"Årfrid";546
"Årfryd";547
"Årgun";548
"Århild";549
"Aria";550
"Ariadne";551
"Ariana";552
"Ariane";553
"Arianna";554
"Arianne";555
"Årid";556
"Ariel";557
"Ariela";558
"Ariell";559
"Ariella";560
"Arielle";561
"Arija";562
"Arilda";563
"Ari";564
"Arina";565
"Arine";566
"Aris";567
"Arisa";568
"Arita";569
"Arja";570
"Arla";571
"Arlaug";572
"Årlaug";573
"Arlee";574
"Arle";575
"Arlena";576
"Arlene";577
"Arleta";578
"Arletta";579
"Arlette";580
"Arletty";581
"Arli";582
"Arlina";583
"Arly";584
"Armelle";585
"Armida";586
"Arna";587
"Arnbjørg";588
"Arnborg";589
"Arndis";590
"Arndora";591
"Arnetta";592
"Arnette";593
"Arnfrid";594
"Arnfried";595
"Arngerda";596
"Arngjerd";597
"Arngun";598
"Arngunna";599
"Arnheid";600
"Arnhild";601
"Arnia";602
"Arnika";603
"Arnike";604
"Arnlaug";605
"Arnleiv";606
"Arnljot";607
"Arnny";608
"Arnolda";609
"Arnoldine";610
"Arnora";611
"Arnru";612
"Arntine";613
"Arntrud";614
"Arnveig";615
"Arnvor";616
"Arny";617
"Årny";618
"Åro";619
"Årolilja";620
"Arolina";621
"Aroline";622
"Arona";623
"Arone";624
"Aronia";625
"Aronie";626
"Årsel";627
"Årsild";628
"Årsille";629
"Årun";630
"Arvida";631
"Arwe";632
"Asa";633
"Åsa";634
"Asber";635
"Åsbera";636
"Asberg";637
"Asbjørg";638
"Åsbjørg";639
"Asborg";640
"Asdis";641
"Åsdis";642
"Åse";643
"Åsel";644
"Åselene";645
"Åselie";646
"Åselill";647
"Åseli";648
"Aseline";649
"Åseline";650
"Åselin";651
"Åselle";652
"Asfrid";653
"Åsfrid";654
"Asgerd";655
"Åsgerd";656
"Asgerda";657
"Asgjerd";658
"Åsgjerd";659
"Asgjerda";660
"Åshild";661
"Åshilda";662
"Åshilde";663
"Åshill";664
"Ashley";665
"Ashly";666
"Asia";667
"Åsil";668
"Åsilde";669
"Åsine";670
"Askelina";671
"Askeline";672
"Askhild";673
"Aslaug";674
"Åslaug";675
"Asle";676
"Åsle";677
"Åsleiv";678
"Asløv";679
"Aslu";680
"Asma";681
"Åsne";682
"Asny";683
"Åsny";684
"Åsø";685
"Asora";686
"Asru";687
"Åsru";688
"Asrun";689
"Åsrun";690
"Assa";691
"Asselina";692
"Asseline";693
"Asta";694
"Åsta";695
"Åste";696
"Aster";697
"Astfrid";698
"Astri";699
"Astrid";700
"Astrine";701
"Åsun";702
"Asveig";703
"Åsveig";704
"Åsvor";705
"Asya";706
"Atena";707
"Athanasia";708
"Athena";709
"Athene";710
"Athina";711
"Atla";712
"Åtlaug";713
"Aubrey";714
"Aud";715
"Audbjørg";716
"Audfrid";717
"Audgerd";718
"Audgjerd";719
"Audgun";720
"Audgunna";721
"Audhild";722
"Audine";723
"Audis";724
"Audny";725
"Audrey";726
"Audru";727
"Audu";728
"Audun";729
"Audveig";730
"Augun";731
"Augusta";732
"Auguste";733
"Augustina";734
"Augustine";735
"Aune";736
"Aura";737
"Aurea";738
"Aurela";739
"Aurelia";740
"Aurelie";741
"Aurora";742
"Aurore";743
"Ava";744
"Avarda";745
"Avelina";746
"Aveline";747
"Åvet";748
"Aviaja";749
"Awa";750
"Axa";751
"Axeline";752
"Aya";753
"Ayda";754
"Ayla";755
"Aylee";756
"Ayli";757
"Azora";758
"Babette";759
"Baby";760
"Balbina";761
"Baldina";762
"Baldine";763
"Bara";764
"Barbara";765
"Barbel";766
"Barbo";767
"Barbra";768
"Barbro";769
"Bårni";770
"Barolina";771
"Baroline";772
"Barta";773
"Bartha";774
"Bartholine";775
"Bartolina";776
"Bartoline";777
"Barulina";778
"Basilia";779
"Bastiane";780
"Bastine";781
"Bathseba";782
"Batseba";783
"Baugeid";784
"Baugheid";785
"Bea";786
"Beata";787
"Beate";788
"Beathe";789
"Beatrice";790
"Beatrix";791
"Becky";792
"Beda";793
"Bedine";794
"Begga";795
"Begita";796
"Begite";797
"Bekka";798
"Bela";799
"Belinda";800
"Bell";801
"Bella";802
"Belle";803
"Benda";804
"Bendi";805
"Bendicta";806
"Bendicte";807
"Bendikke";808
"Bendikta";809
"Bendikte";810
"Bendine";811
"Benedichte";812
"Benedicta";813
"Benedicte";814
"Benedikte";815
"Beneta";816
"Benete";817
"Benethe";818
"Benita";819
"Benjamina";820
"Benjamine";821
"Benna";822
"Benny";823
"Benonette";824
"Benonia";825
"Benta";826
"Bente";827
"Benthe";828
"Benthine";829
"Bentina";830
"Bentine";831
"Benttine";832
"Bera";833
"Berdine";834
"Berenice";835
"Berentine";836
"Beret";837
"Bereth";838
"Berga";839
"Bergdis";840
"Bergenia";841
"Bergenie";842
"Bergfrid";843
"Berghild";844
"Bergina";845
"Bergine";846
"Berginia";847
"Berginie";848
"Bergit";849
"Bergita";850
"Bergite";851
"Bergitha";852
"Bergithe";853
"Bergitte";854
"Berglind";855
"Bergliot";856
"Bergljot";857
"Bergny";858
"Bergot";859
"Bergthora";860
"Bergtora";861
"Berit";862
"Berite";863
"Berith";864
"Berjit";865
"Berly";866
"Berna";867
"Bernadette";868
"Bernarda";869
"Bernharda";870
"Bernhardina";871
"Bernhardine";872
"Bernice";873
"Bernthine";874
"Berntine";875
"Berny";876
"Berta";877
"Berte";878
"Bertea";879
"Bertha";880
"Berthe";881
"Berthine";882
"Bertholda";883
"Bertina";884
"Bertine";885
"Bertolda";886
"Bertolde";887
"Beryl";888
"Bess";889
"Bessie";890
"Bet";891
"Beth";892
"Bethany";893
"Bethina";894
"Bethine";895
"Betina";896
"Betine";897
"Betsy";898
"Bett";899
"Betta";900
"Bette";901
"Bettina";902
"Bettine";903
"Betty";904
"Betzy";905
"Bia";906
"Bianca";907
"Bianka";908
"Bibbi";909
"Bibi";910
"Bibiana";911
"Billa";912
"Billie";913
"Billy";914
"Bina";915
"Bine";916
"Binta";917
"Birga";918
"Birgit";919
"Birgith";920
"Birgithe";921
"Birgitt";922
"Birgitta";923
"Birgitte";924
"Birit";925
"Birna";926
"Birta";927
"Birte";928
"Birthe";929
"Bita";930
"Bitta";931
"Bitte";932
"Bitte";933
"Bjargøy";934
"Bjarnhild";935
"Bjarta";936
"Bjartøy";937
"Bjørg";938
"Bjørga";939
"Bjørgfrid";940
"Bjørghild";941
"Bjørgny";942
"Bjørgu";943
"Bjørgun";944
"Bjørgveig";945
"Bjørk";946
"Bjørnhild";947
"Bjørnhilda";948
"Blanca";949
"Blancheflor";950
"Blandina";951
"Blandine";952
"Blanka";953
"Blanseflor";954
"Blenda";955
"Blondine";956
"Bo";957
"Bodhild";958
"Bodhill";959
"Bodil";960
"Boel";961
"Boell";962
"Bogei";963
"Boggey";964
"Bol";965
"Bolette";966
"Bolina";967
"Boline";968
"Bolla";969
"Bonita";970
"Bonnie";971
"Borgdis";972
"Borgfrid";973
"Borghild";974
"Borghilda";975
"Borghilde";976
"Borgilla";977
"Borgille";978
"Borgine";979
"Borgny";980
"Borgru";981
"Borgun";982
"Borni";983
"Børrea";984
"Botel";985
"Bothild";986
"Bothilda";987
"Bothilde";988
"Botilde";989
"Botøy";990
"Boyine";991
"Bøyine";992
"Bøyla";993
"Bredine";994
"Brenda";995
"Brettiva";996
"Briana";997
"Brianna";998
"Brianne";999
"Bridget";1000
"Bridgette";1001
"Brigida";1002
"Brigit";1003
"Brigita";1004
"Brigitta";1005
"Brigitte";1006
"Brit";1007
"Brita";1008
"Britanna";1009
"Brite";1010
"Brith";1011
"Britha";1012
"Brithe";1013
"Britt";1014
"Britta";1015
"Brønla";1016
"Brønnil";1017
"Brønnild";1018
"Bruna";1019
"Brunetta";1020
"Brunhild";1021
"Brunhilde";1022
"Bryndis";1023
"Brynel";1024
"Bryngerd";1025
"Bryngjerd";1026
"Brynheid";1027
"Brynhild";1028
"Brynhilde";1029
"Brynja";1030
"Brynla";1031
"Brynlaug";1032
"Brynveig";1033
"Brytteva";1034
"Bylgja";1035
"Cai";1036
"Caia";1037
"Caisa";1038
"Caitli";1039
"Caitly";1040
"Caja";1041
"Cajsa";1042
"Calina";1043
"Cally";1044
"Camelia";1045
"Camila";1046
"Camilia";1047
"Camilla";1048
"Camille";1049
"Candace";1050
"Candice";1051
"Candida";1052
"Candy";1053
"Canuta";1054
"Canute";1055
"Canutta";1056
"Canutte";1057
"Cara";1058
"Carda";1059
"Cardis";1060
"Care";1061
"Carena";1062
"Carene";1063
"Carete";1064
"Carethe";1065
"Carette";1066
"Cari";1067
"Caria";1068
"Carianne";1069
"Cari";1070
"Carina";1071
"Carine";1072
"Carissa";1073
"Carita";1074
"Carla";1075
"Carlena";1076
"Carlene";1077
"Carli";1078
"Carlina";1079
"Carline";1080
"Carlogna";1081
"Carlotta";1082
"Carlotte";1083
"Carlovna";1084
"Carlowna";1085
"Carly";1086
"Carmel";1087
"Carmela";1088
"Carme";1089
"Carmencita";1090
"Car";1091
"Caro";1092
"Carol";1093
"Carola";1094
"Carole";1095
"Caroli";1096
"Carolina";1097
"Caroline";1098
"Caroly";1099
"Carolyne";1100
"Carrie";1101
"Carry";1102
"Carstina";1103
"Carstine";1104
"Casandra";1105
"Cassandra";1106
"Castina";1107
"Castine";1108
"Castora";1109
"Cataleya";1110
"Catalina";1111
"Catarina";1112
"Caterina";1113
"Caterine";1114
"Cathalina";1115
"Catharina";1116
"Catharine";1117
"Catheri";1118
"Catherina";1119
"Catherine";1120
"Cathinca";1121
"Cathinka";1122
"Cathlee";1123
"Cathri";1124
"Cathrina";1125
"Cathrine";1126
"Cathy";1127
"Catia";1128
"Catinka";1129
"Catri";1130
"Catrina";1131
"Catrine";1132
"Catty";1133
"Cecelia";1134
"Cecelie";1135
"Cecil";1136
"Cecile";1137
"Cecilia";1138
"Cecilie";1139
"Cecille";1140
"Cecily";1141
"Cecylia";1142
"Cedine";1143
"Cedolfine";1144
"Cedolphine";1145
"Cekine";1146
"Celeste";1147
"Celestina";1148
"Celia";1149
"Celi";1150
"Celina";1151
"Celine";1152
"Ceres";1153
"Ceselie";1154
"Cesilia";1155
"Cesilie";1156
"Chaima";1157
"Chalotte";1158
"Chanel";1159
"Chanelle";1160
"Chanett";1161
"Chanette";1162
"Chantal";1163
"Chantale";1164
"Chantelle";1165
"Chari";1166
"Charita";1167
"Charite";1168
"Charity";1169
"Charlee";1170
"Charle";1171
"Charlene";1172
"Charli";1173
"Charlize";1174
"Charlot";1175
"Charlott";1176
"Charlotta";1177
"Charlotte";1178
"Chatarina";1179
"Chatinka";1180
"Chatri";1181
"Chatrine";1182
"Chelsea";1183
"Cheyenne";1184
"Chiara";1185
"Chloe";1186
"Chresti";1187
"Chris";1188
"Chriss";1189
"Christa";1190
"Christabel";1191
"Christabelle";1192
"Christel";1193
"Christell";1194
"Christelle";1195
"Christense";1196
"Christi";1197
"Christiana";1198
"Christiane";1199
"Christianne";1200
"Christi";1201
"Christina";1202
"Christine";1203
"Christl";1204
"Christoffia";1205
"Christofia";1206
"Christophia";1207
"Christophine";1208
"Cia";1209
"Ciara";1210
"Cicel";1211
"Cicilia";1212
"Cicilie";1213
"Cilia";1214
"Cilie";1215
"Cilja";1216
"Cilje";1217
"Cilla";1218
"Cille";1219
"Cindy";1220
"Cine";1221
"Cinthia";1222
"Cintia";1223
"Cira";1224
"Cissel";1225
"Cissi";1226
"Cissy";1227
"Claire";1228
"Clara";1229
"Clare";1230
"Clarice";1231
"Clarissa";1232
"Clarisse";1233
"Clarita";1234
"Clary";1235
"Claude";1236
"Claudette";1237
"Claudia";1238
"Claudine";1239
"Clausina";1240
"Clausine";1241
"Clea";1242
"Clementina";1243
"Clementine";1244
"Cleo";1245
"Cleopatra";1246
"Clodette";1247
"Cloudette";1248
"Colette";1249
"Conni";1250
"Connie";1251
"Conny";1252
"Constance";1253
"Constanze";1254
"Constine";1255
"Cora";1256
"Cordelia";1257
"Cordula";1258
"Corina";1259
"Corinna";1260
"Corinne";1261
"Cornelia";1262
"Cornelie";1263
"Cristel";1264
"Cristiana";1265
"Cristiane";1266
"Cristi";1267
"Cristina";1268
"Cristine";1269
"Crystal";1270
"Cynthia";1271
"Cyntia";1272
"Dafina";1273
"Dafne";1274
"Daga";1275
"Dagbjørg";1276
"Dageid";1277
"Dagfrid";1278
"Dagfryd";1279
"Dagheid";1280
"Daghild";1281
"Dagmar";1282
"Dagmor";1283
"Dagna";1284
"Dagne";1285
"Dagny";1286
"Dagru";1287
"Dagrund";1288
"Dagrun";1289
"Dagu";1290
"Dagun";1291
"Dagveig";1292
"Dagvor";1293
"Dahlia";1294
"Daisy";1295
"Dalia";1296
"Damaris";1297
"Damiana";1298
"Dammei";1299
"Dana";1300
"Danela";1301
"Danelke";1302
"Danhild";1303
"Danhilda";1304
"Dania";1305
"Danica";1306
"Daniela";1307
"Daniele";1308
"Daniella";1309
"Danielle";1310
"Danika";1311
"Danilke";1312
"Danna";1313
"Danuta";1314
"Daphne";1315
"Dara";1316
"Dårdi";1317
"Dåret";1318
"Daria";1319
"Darina";1320
"Darja";1321
"Darling";1322
"Darya";1323
"Davida";1324
"Davidine";1325
"Davina";1326
"Davine";1327
"Dea";1328
"Deana";1329
"Deanna";1330
"Debbie";1331
"Debby";1332
"Debora";1333
"Deborah";1334
"Debra";1335
"Delfina";1336
"Delia";1337
"Delila";1338
"Delilah";1339
"Delina";1340
"Delphine";1341
"Demi";1342
"Denice";1343
"Denisa";1344
"Denise";1345
"Deodora";1346
"Desideria";1347
"Desire";1348
"Desiré";1349
"Desiree";1350
"Desirée";1351
"Destiny";1352
"Dia";1353
"Dia";1354
"Diana";1355
"Diane";1356
"Dianna";1357
"Dianne";1358
"Diddi";1359
"Didi";1360
"Didrikke";1361
"Diis";1362
"Dika";1363
"Dikka";1364
"Dikke";1365
"Dila";1366
"Dilara";1367
"Dilja";1368
"Dina";1369
"Dinah";1370
"Dine";1371
"Diona";1372
"Dis";1373
"Disa";1374
"Dise";1375
"Dita";1376
"Ditlevine";1377
"Ditte";1378
"Divert";1379
"Dixie";1380
"Dolly";1381
"Dolores";1382
"Domhild";1383
"Domhilda";1384
"Dominica";1385
"Dominika";1386
"Dominique";1387
"Dona";1388
"Donata";1389
"Dønet";1390
"Donia";1391
"Donika";1392
"Donja";1393
"Donna";1394
"Donya";1395
"Dora";1396
"Dorcas";1397
"Dordei";1398
"Dordi";1399
"Dordis";1400
"Dordy";1401
"Doree";1402
"Doret";1403
"Dorina";1404
"Dorine";1405
"Doris";1406
"Dorit";1407
"Dorith";1408
"Dorota";1409
"Dorotea";1410
"Dorothe";1411
"Dorothea";1412
"Dorothy";1413
"Dorris";1414
"Dorrit";1415
"Dortæa";1416
"Dorte";1417
"Dørte";1418
"Dortea";1419
"Dorthæa";1420
"Dorthe";1421
"Dørthe";1422
"Dorthea";1423
"Dorthy";1424
"Dortine";1425
"Dotta";1426
"Dovra";1427
"Drifa";1428
"Drina";1429
"Drude";1430
"Dunia";1431
"Dunja";1432
"Dunya";1433
"Durdei";1434
"Duva";1435
"Dyrfinna";1436
"Dyrhild";1437
"Dyveke";1438
"Ea";1439
"Ebba";1440
"Ebrikka";1441
"Ebrikke";1442
"Ecaterina";1443
"Ecekine";1444
"Eda";1445
"Edbjørg";1446
"Edda";1447
"Eddi";1448
"Eddy";1449
"Edel";1450
"Edelborg";1451
"Edeltraud";1452
"Ede";1453
"Edi";1454
"Edia";1455
"Edina";1456
"Edine";1457
"Edit";1458
"Edita";1459
"Edith";1460
"Editha";1461
"Edla";1462
"Edlaug";1463
"Edle";1464
"Edly";1465
"Edna";1466
"Edny";1467
"Edrikke";1468
"Edru";1469
"Edvarda";1470
"Edvardine";1471
"Edvina";1472
"Edvine";1473
"Edyta";1474
"Eeva";1475
"Effi";1476
"Efrosine";1477
"Efrusine";1478
"Egeleiv";1479
"Egidia";1480
"Egilleiv";1481
"Egte";1482
"Eibjørg";1483
"Eibram";1484
"Eibrand";1485
"Eida";1486
"Eidbjørg";1487
"Eidi";1488
"Eidis";1489
"Eidun";1490
"Eifrid";1491
"Eija";1492
"Eik b";1493
"Eike";1494
"Eila";1495
"Eilee";1496
"Eile";1497
"Eilertine";1498
"Eili";1499
"Eili";1500
"Eilov";1501
"Eina";1502
"Einara";1503
"Einarda";1504
"Eine";1505
"Einfrid";1506
"Einhild";1507
"Eini";1508
"Einru";1509
"Einy";1510
"Eir";1511
"Eira";1512
"Eirhild";1513
"Eiril";1514
"Eirild";1515
"Eirill";1516
"Eiri";1517
"Eirin";1518
"Eiru";1519
"Eirun";1520
"Eiva";1521
"Eivi";1522
"Eivor";1523
"Ekaterina";1524
"Ela";1525
"Elaine";1526
"Elanda";1527
"Elava";1528
"Elba";1529
"Elbjørg";1530
"Elda";1531
"Eldbjørg";1532
"Eldfrid";1533
"Eldis";1534
"Eldora";1535
"Eldri";1536
"Eldrid";1537
"Eldru";1538
"Ele";1539
"Elea";1540
"Eleanor";1541
"Eleanora";1542
"Eleanore";1543
"Ele";1544
"Elena";1545
"Elene";1546
"Eleni";1547
"Elenor";1548
"Elenora";1549
"Elenore";1550
"Eleonor";1551
"Eleonora";1552
"Eleonore";1553
"Eletta";1554
"Elevine";1555
"Elfi";1556
"Elfie";1557
"Elfrid";1558
"Elfrida";1559
"Elfride";1560
"Elfriede";1561
"Elfy";1562
"Elga";1563
"Elgun";1564
"Eli";1565
"Elia";1566
"Eliana";1567
"Eliane";1568
"Elianna";1569
"Elianne";1570
"Elice";1571
"Elida";1572
"Elie";1573
"Elija";1574
"Elike";1575
"Elike";1576
"Eli";1577
"Elina";1578
"Eline";1579
"Elinor";1580
"Elis";1581
"Elisa";1582
"Elisabet";1583
"Elisabeta";1584
"Elisabeth";1585
"Elisabetta";1586
"Elisaveta";1587
"Elise";1588
"Elisebet";1589
"Elisebeth";1590
"Elisif";1591
"Elisiv";1592
"Elisjeba";1593
"Eliska";1594
"Eliza";1595
"Elizabet";1596
"Elizabeta";1597
"Elizabeth";1598
"Elizaveta";1599
"Elize";1600
"Elke";1601
"Ella";1602
"Ellaug";1603
"Ellbjørg";1604
"Elle";1605
"Elle";1606
"Ellenor";1607
"Ellenora";1608
"Ellenore";1609
"Ellerine";1610
"Ellertine";1611
"Ellevine";1612
"Elli";1613
"Ellida";1614
"Ellie";1615
"Ellinor";1616
"Ellinora";1617
"Ellinore";1618
"Ellis";1619
"Ellisif";1620
"Ellisiv";1621
"Elly";1622
"Ellynor";1623
"Elma";1624
"Elmina";1625
"Elmine";1626
"Elmira";1627
"El";1628
"Elna";1629
"Elny";1630
"Elodie";1631
"Eloise";1632
"Elona";1633
"Elpida";1634
"Elrid";1635
"Els";1636
"Elsa";1637
"Elsabet";1638
"Elsbet";1639
"Elsbeth";1640
"Else";1641
"Elsebe";1642
"Elseber";1643
"Elseberg";1644
"Elsebet";1645
"Elsebø";1646
"Elseby";1647
"Elselill";1648
"Elsi";1649
"Elsie";1650
"Elsine";1651
"Elsse";1652
"Elsy";1653
"Elva";1654
"Elva";1655
"Elvi";1656
"Elvia";1657
"Elvida";1658
"Elvie";1659
"Elvina";1660
"Elvine";1661
"Elvira";1662
"Elvire";1663
"Elvy";1664
"Elwira";1665
"Ely";1666
"Elza";1667
"Elze";1668
"Ema";1669
"Emanuela";1670
"Embjør";1671
"Embjørg";1672
"Embla";1673
"Emeli";1674
"Emelia";1675
"Emelie";1676
"Emeli";1677
"Emelina";1678
"Emeline";1679
"Emelin";1680
"Emelita";1681
"Emely";1682
"Emerense";1683
"Emerensia";1684
"Emerentse";1685
"Emerenze";1686
"Emi";1687
"Emike";1688
"Emila";1689
"Emilda";1690
"Emile";1691
"Emili";1692
"Emilia";1693
"Emiliana";1694
"Emilie";1695
"Emilija";1696
"Emiline";1697
"Emily";1698
"Emily";1699
"Emina";1700
"Eminda";1701
"Eminde";1702
"Emine";1703
"Emira";1704
"Emly";1705
"Emma";1706
"Emmali";1707
"Emmaline";1708
"Emmalin";1709
"Emmaly";1710
"Emmeli";1711
"Emmelie";1712
"Emmeli";1713
"Emmelina";1714
"Emmeline";1715
"Emmelin";1716
"Emmely";1717
"Emmi";1718
"Emmie";1719
"Emmy";1720
"Emmylou";1721
"Emte";1722
"Emy";1723
"Ena";1724
"Endrike";1725
"Endrine";1726
"Ene";1727
"Enea";1728
"Enetta";1729
"Engeborg";1730
"Engel";1731
"Engeleiv";1732
"Engelina";1733
"Engeline";1734
"Engelke";1735
"Enger";1736
"Engla";1737
"Enia";1738
"Enid";1739
"Enja";1740
"Enna";1741
"Enni";1742
"Ennie";1743
"Enny";1744
"Enola";1745
"Enora";1746
"Ense";1747
"Entse";1748
"Enya";1749
"Era";1750
"Erdis";1751
"Erene";1752
"Eri";1753
"Erica";1754
"Erika";1755
"Erikka";1756
"Erikke";1757
"Eri";1758
"Erina";1759
"Erine";1760
"Erja";1761
"Erla";1762
"Erlanda";1763
"Erle";1764
"Erlinda";1765
"Erly";1766
"Erma";1767
"Ermegaard";1768
"Ermegård";1769
"Ermeli";1770
"Ermelina";1771
"Ermelinda";1772
"Erna";1773
"Ernesta";1774
"Ernestina";1775
"Ernestine";1776
"Ernsta";1777
"Ernstine";1778
"Erny";1779
"Eros";1780
"Erry";1781
"Erva";1782
"Erza";1783
"Esa";1784
"Esaiana";1785
"Esaianna";1786
"Esaline";1787
"Esekina";1788
"Esekine";1789
"Esgjerd";1790
"Esiana";1791
"Esma";1792
"Esme";1793
"Esmeralda";1794
"Esra";1795
"Estefania";1796
"Estella";1797
"Estelle";1798
"Ester";1799
"Esther";1800
"Estine";1801
"Estrid";1802
"Ethel";1803
"Etta";1804
"Etty";1805
"Eufemia";1806
"Eufrosyne";1807
"Eugenia";1808
"Eugenie";1809
"Eulalia";1810
"Eunice";1811
"Eunike";1812
"Euphemia";1813
"Eva";1814
"Evalda";1815
"Evalill";1816
"Evalina";1817
"Evaline";1818
"Eva";1819
"Evangelia";1820
"Evangelina";1821
"Evangeline";1822
"Eve";1823
"Eveliina";1824
"Eveli";1825
"Evelina";1826
"Eveline";1827
"Evely";1828
"Evena";1829
"Everine";1830
"Evgenia";1831
"Evi";1832
"Evia";1833
"Evie";1834
"Evilda";1835
"Evi";1836
"Evina";1837
"Evinda";1838
"Evine";1839
"Evinne";1840
"Evita";1841
"Evlalia";1842
"Evly";1843
"Evy";1844
"Ewa";1845
"Ewelina";1846
"Ewy";1847
"Eydis";1848
"Eylov";1849
"Eyvor";1850
"Ezekine";1851
"Fabia";1852
"Fabiana";1853
"Fabienne";1854
"Fabiola";1855
"Faina";1856
"Fani";1857
"Fanni";1858
"Fannie";1859
"Fanny";1860
"Fara";1861
"Farah";1862
"Farina";1863
"Fatima";1864
"Fausta";1865
"Faustina";1866
"Fay";1867
"Faye";1868
"Fe";1869
"Federica";1870
"Fei";1871
"Felicia";1872
"Felicitas";1873
"Felina";1874
"Feline";1875
"Felis";1876
"Felisa";1877
"Femja";1878
"Femma";1879
"Fenja";1880
"Ferdinanda";1881
"Fernanda";1882
"Fernande";1883
"Fia";1884
"Fie";1885
"Filippa";1886
"Filomena";1887
"Filomene";1888
"Finja";1889
"Finna";1890
"Finnlaug";1891
"Fiola";1892
"Fiona";1893
"Flavia";1894
"Flora";1895
"Florence";1896
"Florentina";1897
"Florentine";1898
"Florinda";1899
"Føbe";1900
"Franca";1901
"Frances";1902
"Francesca";1903
"Francisca";1904
"Franciska";1905
"Franka";1906
"Fransine";1907
"Fransisca";1908
"Fransiska";1909
"Fransvis";1910
"Franzisca";1911
"Franziska";1912
"Freda";1913
"Fredbjørg";1914
"Frederike";1915
"Frederikke";1916
"Fredgjerd";1917
"Fredhild";1918
"Fredine";1919
"Fredlaug";1920
"Fredly";1921
"Fredmøy";1922
"Fredny";1923
"Fredrika";1924
"Fredrikka";1925
"Fredrikke";1926
"Fredvor";1927
"Freia";1928
"Freidis";1929
"Freidun";1930
"Freja";1931
"Freya";1932
"Freydis";1933
"Freyja";1934
"Fria";1935
"Frid";1936
"Frida";1937
"Fridbjørg";1938
"Fridborg";1939
"Fride";1940
"Fridericha";1941
"Friderika";1942
"Fridgjerd";1943
"Fridgun";1944
"Fridhild";1945
"Fridlaug";1946
"Fridtjoffa";1947
"Fridun";1948
"Frieda";1949
"Friede";1950
"Friederike";1951
"Frigg";1952
"Frigga";1953
"Fritzie";1954
"Frøidis";1955
"Frøke";1956
"Frøy";1957
"Frøya";1958
"Frøydis";1959
"Fryd";1960
"Fryda";1961
"Gabi";1962
"Gabija";1963
"Gabriela";1964
"Gabriele";1965
"Gabriella";1966
"Gabrielle";1967
"Gabrike";1968
"Gaby";1969
"Gad";1970
"Gaelle";1971
"Gaia";1972
"Gail";1973
"Gala";1974
"Galia";1975
"Galina";1976
"Gardia";1977
"Gaukje";1978
"Gaula";1979
"Gauri";1980
"Gauthild";1981
"Gay";1982
"Gayle";1983
"Gea";1984
"Gedine";1985
"Geertje";1986
"Geertruida";1987
"Geharda";1988
"Gehardine";1989
"Geira";1990
"Geirfrid";1991
"Geirhild";1992
"Geirid";1993
"Geirlaug";1994
"Geirny";1995
"Geirrid";1996
"Geirtrud";1997
"Geirun";1998
"Geirvild";1999
"Gemanda";2000
"Gemma";2001
"Gene";2002
"Genovefa";2003
"Genoveva";2004
"Georgette";2005
"Georgia";2006
"Georgiana";2007
"Georgina";2008
"Georgine";2009
"Geraldine";2010
"Gerarda";2011
"Gerd";2012
"Gerda";2013
"Gerdi";2014
"Gerdina";2015
"Gerdine";2016
"Gerdny";2017
"Gerdur";2018
"Gerdy";2019
"Gerharda";2020
"Gerhardine";2021
"Gerlinde";2022
"Gerline";2023
"Gerny";2024
"Gerta";2025
"Gerti";2026
"Gertie";2027
"Gertraud";2028
"Gertrud";2029
"Gertruda";2030
"Gertrude";2031
"Gerty";2032
"Gesine";2033
"Ghita";2034
"Gia";2035
"Gidske";2036
"Giertru";2037
"Giertrue";2038
"Gila";2039
"Gilda";2040
"Gill";2041
"Gillia";2042
"Gina";2043
"Gine";2044
"Ginette";2045
"Ginny";2046
"Gisela";2047
"Gisele";2048
"Gisella";2049
"Giselle";2050
"Giske";2051
"Giske";2052
"Gislaug";2053
"Gita";2054
"Githa";2055
"Gitlaug";2056
"Gitta";2057
"Gitte";2058
"Gitti";2059
"Gjellau";2060
"Gjendine";2061
"Gjerd";2062
"Gjerke";2063
"Gjertine";2064
"Gjertrud";2065
"Gjesa";2066
"Gjesenia";2067
"Gjesine";2068
"Gjeske";2069
"Gjeske";2070
"Gjetlene";2071
"Gjevjo";2072
"Gjøa";2073
"Gjørgina";2074
"Gjøri";2075
"Gjørid";2076
"Gjøril";2077
"Gjørild";2078
"Gjørvel";2079
"Gladys";2080
"Glennie";2081
"Glenny";2082
"Gloria";2083
"Glory";2084
"Goda";2085
"Goer";2086
"Golette";2087
"Golla";2088
"Gollaug";2089
"Golo";2090
"Gone";2091
"Gonne";2092
"Gønner";2093
"Gonnor";2094
"Gor";2095
"Gøril";2096
"Gørild";2097
"Gørill";2098
"Gorine";2099
"Gørli";2100
"Goro";2101
"Gørvel";2102
"Gottliebe";2103
"Grace";2104
"Gracia";2105
"Gregine";2106
"Greta";2107
"Gretche";2108
"Grete";2109
"Gretel";2110
"Gretha";2111
"Grethe";2112
"Grethel";2113
"Grid";2114
"Griselda";2115
"Grissilde";2116
"Grit";2117
"Grith";2118
"Gro";2119
"Groa";2120
"Gry";2121
"Gubiør";2122
"Gubiørg";2123
"Gubjør";2124
"Gubjørg";2125
"Gudbiørg";2126
"Gudbjørg";2127
"Gudborg";2128
"Gudfinna";2129
"Gudfrid";2130
"Gudlaug";2131
"Gudleiv";2132
"Gudmanda";2133
"Gudmunda";2134
"Gudmunde";2135
"Gudmundine";2136
"Gudny";2137
"Gudrid";2138
"Gudru";2139
"Gudrund";2140
"Gudun";2141
"Gudve";2142
"Gudveig";2143
"Gudvor";2144
"Gulbiørg";2145
"Gulbjørg";2146
"Guldborg";2147
"Guldis";2148
"Gulene";2149
"Guline";2150
"Gull";2151
"Gulla";2152
"Gulla";2153
"Gullaug";2154
"Gullbjørg";2155
"Gullborg";2156
"Gulldis";2157
"Gulli";2158
"Gulline";2159
"Gullovna";2160
"Gullu";2161
"Gullue";2162
"Gullveig";2163
"Gully";2164
"Gulogna";2165
"Gulovna";2166
"Gulowna";2167
"Gulu";2168
"Gu";2169
"Gunborg";2170
"Gunda";2171
"Gundborg";2172
"Gundhild";2173
"Gundille";2174
"Gundine";2175
"Gundla";2176
"Gundvor";2177
"Gundwig";2178
"Gunelie";2179
"Gunfrid";2180
"Gunhild";2181
"Gunhilda";2182
"Gunhilde";2183
"Gunild";2184
"Gunilde";2185
"Gunilla";2186
"Gunille";2187
"Gunita";2188
"Gunla";2189
"Gunlaug";2190
"Gun";2191
"Gunnarda";2192
"Gunnbjørg";2193
"Gunnbor";2194
"Gunnborg";2195
"Gunndis";2196
"Gunne";2197
"Gunnel";2198
"Gunnfrid";2199
"Gunnharda";2200
"Gunnheid";2201
"Gunnhild";2202
"Gunnhilda";2203
"Gunnhilde";2204
"Gunni";2205
"Gunnil";2206
"Gunnild";2207
"Gunnlaug";2208
"Gunnleiv";2209
"Gunnor";2210
"Gunnvalda";2211
"Gunnveig";2212
"Gunnvil";2213
"Gunnvor";2214
"Gunny";2215
"Gunora";2216
"Gunvalda";2217
"Gunvor";2218
"Gurå";2219
"Guri";2220
"Guria";2221
"Gurianna";2222
"Gurid";2223
"Gurina";2224
"Gurine";2225
"Gurli";2226
"Gurly";2227
"Guro";2228
"Guru";2229
"Guruanna";2230
"Gusta";2231
"Gustava";2232
"Gustine";2233
"Gwe";2234
"Gwnngerd";2235
"Gyda";2236
"Gyri";2237
"Gyrid";2238
"Gyril";2239
"Gyrild";2240
"Gyro";2241
"Gyve";2242
"Gyvi";2243
"Håbera";2244
"Hæge";2245
"Haga";2246
"Hagar";2247
"Hagbara";2248
"Hagine";2249
"Hågine";2250
"Hagny";2251
"Hagru";2252
"Haidi";2253
"Hailey";2254
"Hakatla";2255
"Håkatla";2256
"Halbjørg";2257
"Halda";2258
"Haldi";2259
"Haldine";2260
"Haldis";2261
"Haldora";2262
"Haldri";2263
"Haldrid";2264
"Haldy";2265
"Haley";2266
"Halfrid";2267
"Halfrida";2268
"Halfryd";2269
"Halgerd";2270
"Halgjerd";2271
"Halina";2272
"Halla";2273
"Hallaug";2274
"Hallbera";2275
"Hallbjørg";2276
"Halldis";2277
"Halldora";2278
"Hallfrid";2279
"Hallfrida";2280
"Hallgerd";2281
"Hallgjerd";2282
"Hallgun";2283
"Hallkatla";2284
"Halløy";2285
"Hallrid";2286
"Hallvarda";2287
"Hallveig";2288
"Hallvor";2289
"Hallvordine";2290
"Hally";2291
"Halvara";2292
"Halvarda";2293
"Halvora";2294
"Halvordine";2295
"Halvorina";2296
"Halvorine";2297
"Hana";2298
"Handine";2299
"Hanka";2300
"Hanke";2301
"Hanna";2302
"Hannah";2303
"Hanne";2304
"Hannele";2305
"Hanneli";2306
"Hannelise";2307
"Hannelore";2308
"Hanni";2309
"Hannie";2310
"Hannike";2311
"Hanny";2312
"Hansa";2313
"Hansi";2314
"Hansia";2315
"Hansiana";2316
"Hansiane";2317
"Hansina";2318
"Hansine";2319
"Hansy";2320
"Haralda";2321
"Haralde";2322
"Haranda";2323
"Harda";2324
"Hardina";2325
"Hardine";2326
"Hardis";2327
"Hardy";2328
"Hariet";2329
"Harieth";2330
"Hariett";2331
"Hariette";2332
"Harma";2333
"Harmike";2334
"Harmke";2335
"Harpa";2336
"Harriet";2337
"Harrieth";2338
"Harriett";2339
"Harriette";2340
"Hartovike";2341
"Hartuvike";2342
"Hartvike";2343
"Hava";2344
"Håverine";2345
"Havtora";2346
"Hayley";2347
"Haylie";2348
"Heba";2349
"Hebe";2350
"Heda";2351
"Hedda";2352
"Heddy";2353
"Hedevig";2354
"Hedi";2355
"Hedly";2356
"Hedny";2357
"Hedru";2358
"Hedvig";2359
"Hedvik";2360
"Hedwig";2361
"Hedy";2362
"Hege";2363
"Heid";2364
"Heida";2365
"Heide";2366
"Heidi";2367
"Heidie";2368
"Heidny";2369
"Heidru";2370
"Heidy";2371
"Heike";2372
"Heimlaug";2373
"Hekla";2374
"Hela";2375
"Helandrea";2376
"Helbjørg";2377
"Hele";2378
"Helena";2379
"Helene";2380
"Helfrid";2381
"Helfrida";2382
"Helg";2383
"Helga";2384
"Helgine";2385
"Helgun";2386
"Heli";2387
"Heli";2388
"Helina";2389
"Heline";2390
"Helje";2391
"Heljø";2392
"Helke";2393
"Helke";2394
"Helkje";2395
"Hella";2396
"Hellbjørg";2397
"Helle";2398
"Helle";2399
"Hellena";2400
"Hellene";2401
"Hellfrid";2402
"Helli";2403
"Helli";2404
"Helly";2405
"Helma";2406
"Helmara";2407
"Helmi";2408
"Helmine";2409
"Helmy";2410
"Helny";2411
"Heloise";2412
"Helovise";2413
"Helse";2414
"Helvi";2415
"Helvig";2416
"Hemingine";2417
"Hendriette";2418
"Hendrika";2419
"Hendrike";2420
"Hendrikke";2421
"Hendy";2422
"Henna";2423
"Henne";2424
"Henni";2425
"Hennie";2426
"Hennika";2427
"Henninge";2428
"Henningea";2429
"Henny";2430
"Henrica";2431
"Henrieta";2432
"Henriethe";2433
"Henrietta";2434
"Henriette";2435
"Henrika";2436
"Henrike";2437
"Henrikka";2438
"Henrikke";2439
"Hera";2440
"Herbjørg";2441
"Herbor";2442
"Herborg";2443
"Herdis";2444
"Herdovike";2445
"Herfrid";2446
"Hergjerd";2447
"Hergot";2448
"Hergun";2449
"Herlaug";2450
"Herly";2451
"Herma";2452
"Hermana";2453
"Hermanda";2454
"Hermanna";2455
"Hermike";2456
"Hermike";2457
"Hermina";2458
"Hermine";2459
"Herny";2460
"Hero";2461
"Herta";2462
"Hertevike";2463
"Hertha";2464
"Hervor";2465
"Hervora";2466
"Hila";2467
"Hilary";2468
"Hilberta";2469
"Hilbertine";2470
"Hilbjørg";2471
"Hilborg";2472
"Hild";2473
"Hilda";2474
"Hildara";2475
"Hildbjørg";2476
"Hildborg";2477
"Hilde";2478
"Hildebjørg";2479
"Hildeborg";2480
"Hildefrid";2481
"Hildegaard";2482
"Hildegard";2483
"Hildegerd";2484
"Hildegjerd";2485
"Hildegu";2486
"Hildegun";2487
"Hildegunna";2488
"Hilderid";2489
"Hildfrid";2490
"Hildny";2491
"Hildora";2492
"Hildri";2493
"Hildrid";2494
"Hildru";2495
"Hildun";2496
"Hildur";2497
"Hildura";2498
"Hildure";2499
"Hilfrid";2500
"Hilfryd";2501
"Hilgot";2502
"Hilgun";2503
"Hilja";2504
"Hilke";2505
"Hilkka";2506
"Hill";2507
"Hilla";2508
"Hillary";2509
"Hillbjørg";2510
"Hille";2511
"Hilleborg";2512
"Hillevi";2513
"Hillgun";2514
"Hilly";2515
"Hilma";2516
"Hilmara";2517
"Hilvi";2518
"Hind";2519
"Hinda";2520
"Hinna";2521
"Hira";2522
"Hjalma";2523
"Hjalmara";2524
"Hjalmine";2525
"Hjørdis";2526
"Hjørdu";2527
"Hjørdun";2528
"Hjørgun";2529
"Hjørun";2530
"Holly";2531
"Holmfrid";2532
"Honoria";2533
"Hope";2534
"Hrefna";2535
"Hugny";2536
"Hulda";2537
"Huldeborg";2538
"Huldis";2539
"Hyberte";2540
"Ia";2541
"Iana";2542
"Ibe";2543
"Ibe";2544
"Iceli";2545
"Id";2546
"Ida";2547
"Idbjørg";2548
"Idda";2549
"Idde";2550
"Ide";2551
"Idru";2552
"Idu";2553
"Iduna";2554
"Idun";2555
"Idunna";2556
"Ignate";2557
"Igny";2558
"Iina";2559
"Ika";2560
"Ila";2561
"Ilde";2562
"Ildri";2563
"Ildrid";2564
"Ilene";2565
"Ili";2566
"Ilia";2567
"Iliana";2568
"Ilina";2569
"Ilja";2570
"Ilka";2571
"Illona";2572
"Ilma";2573
"Ilona";2574
"Ilone";2575
"Ilsa";2576
"Ilse";2577
"Ilva";2578
"Ilze";2579
"Ima";2580
"Imbjørg";2581
"Imelda";2582
"Imerense";2583
"Imerentse";2584
"Imilie";2585
"Imke";2586
"Imma";2587
"Immerli";2588
"Ina";2589
"Inanda";2590
"Inda";2591
"India";2592
"Indiana";2593
"Indiane";2594
"Indianna";2595
"Indianne";2596
"Indine";2597
"Indira";2598
"Indra";2599
"Indre";2600
"Ine";2601
"Ineke";2602
"Inelda";2603
"Ines";2604
"Inessa";2605
"Inez";2606
"Ing";2607
"Inga";2608
"Ingalill";2609
"Ingara";2610
"Ingarda";2611
"Ingarde";2612
"Ingardina";2613
"Ingardine";2614
"Ingarta";2615
"Ingberta";2616
"Ingberte";2617
"Ingbertha";2618
"Ingberthine";2619
"Ingbertina";2620
"Ingbertine";2621
"Ingbjørg";2622
"Ingborg";2623
"Ingborga";2624
"Ingbranna";2625
"Ingdis";2626
"Ingdora";2627
"Inge";2628
"Ingebjør";2629
"Ingebjørg";2630
"Ingebor";2631
"Ingebora";2632
"Ingebore";2633
"Ingeborg";2634
"Ingeborga";2635
"Ingedis";2636
"Ingefrid";2637
"Ingegærd";2638
"Ingegerd";2639
"Ingegerda";2640
"Ingegjerd";2641
"Ingegjerda";2642
"Ingejerd";2643
"Ingela";2644
"Ingelaug";2645
"Ingeleif";2646
"Ingeleiv";2647
"Ingelil";2648
"Ingelill";2649
"Ingeli";2650
"Ingelina";2651
"Ingeline";2652
"Ingelin";2653
"Ingelise";2654
"Ingeliv";2655
"Ingeløv";2656
"Inger";2657
"Ingerd";2658
"Ingerda";2659
"Ingeri";2660
"Ingerid";2661
"Ingerina";2662
"Ingerine";2663
"Ingerlill";2664
"Ingerli";2665
"Ingerline";2666
"Ingerlise";2667
"Ingerta";2668
"Ingerte";2669
"Ingertha";2670
"Ingfrid";2671
"Ingfrida";2672
"Ingfryd";2673
"Inggerd";2674
"Inggjerd";2675
"Inghild";2676
"Ingina";2677
"Ingine";2678
"Ingjer";2679
"Ingjerd";2680
"Inglaug";2681
"Ingleif";2682
"Ingleiv";2683
"Ingliv";2684
"Ingly";2685
"Ingnora";2686
"Ingny";2687
"Ingri";2688
"Ingrid";2689
"Ingrida";2690
"Ingru";2691
"Ingrun";2692
"Ingse";2693
"Ingull";2694
"Ingu";2695
"Ingund";2696
"Ingun";2697
"Ingva";2698
"Ingvalda";2699
"Ingvalde";2700
"Ingvaldina";2701
"Ingvaldine";2702
"Ingvalla";2703
"Ingvally";2704
"Ingvara";2705
"Ingvarda";2706
"Ingvarde";2707
"Ingvardina";2708
"Ingvardine";2709
"Ingvarna";2710
"Ingvei";2711
"Ingveig";2712
"Ingvil";2713
"Ingvild";2714
"Ingvilde";2715
"Ingvill";2716
"Ingvor";2717
"Ingwill";2718
"Inis";2719
"Inka";2720
"Inke";2721
"Inna";2722
"Inngun";2723
"Inni";2724
"Inny";2725
"Ioanna";2726
"Iona";2727
"Ioulia";2728
"Ira";2729
"Iraida";2730
"Iree";2731
"Ire";2732
"Irena";2733
"Irene";2734
"Iria";2735
"Iril";2736
"Irina";2737
"Irine";2738
"Iris";2739
"Irja";2740
"Irli";2741
"Irma";2742
"Irmeli";2743
"Irmeli";2744
"Irmelin";2745
"Irmgard";2746
"Irmhild";2747
"Irmild";2748
"Iru";2749
"Irun";2750
"Iryna";2751
"Isa";2752
"Isabel";2753
"Isabela";2754
"Isabell";2755
"Isabella";2756
"Isabelle";2757
"Isadora";2758
"Isaka";2759
"Isakina";2760
"Isakine";2761
"Isalill";2762
"Isali";2763
"Isane";2764
"Isborg";2765
"Ise";2766
"Iselilja";2767
"Iseli";2768
"Iselina";2769
"Iseline";2770
"Iselin";2771
"Isfrid";2772
"Isgjerd";2773
"Isidora";2774
"Isine";2775
"Isis";2776
"Isli";2777
"Isobel";2778
"Isolde";2779
"Israeline";2780
"Isrid";2781
"Issali";2782
"Isseli";2783
"Istvanne";2784
"Iulia";2785
"Iuliana";2786
"Iv";2787
"Iva";2788
"Ivana";2789
"Ivanda";2790
"Ivanka";2791
"Ivanna";2792
"Ivara";2793
"Ivarda";2794
"Ivarna";2795
"Ive";2796
"Iverike";2797
"Iverine";2798
"Iverise";2799
"Iverna";2800
"Iverta";2801
"Iveta";2802
"Ivett";2803
"Ivette";2804
"Ivi";2805
"Ivo";2806
"Ivona";2807
"Ivone";2808
"Ivonne";2809
"Ivrike";2810
"Ivrina";2811
"Ivrine";2812
"Ivy";2813
"Iwona";2814
"Iza";2815
"Izabel";2816
"Izabela";2817
"Izabell";2818
"Izabella";2819
"Izabelle";2820
"Izeli";2821
"Jå";2822
"Jaana";2823
"Jackie";2824
"Jackli";2825
"Jackline";2826
"Jackly";2827
"Jacoba";2828
"Jacobea";2829
"Jacobi";2830
"Jacobia";2831
"Jacobie";2832
"Jacobina";2833
"Jacobine";2834
"Jacqueline";2835
"Jacquely";2836
"Jåddå";2837
"Jade";2838
"Jael";2839
"Jætte";2840
"Jakoba";2841
"Jakobea";2842
"Jakobi";2843
"Jakobia";2844
"Jakobie";2845
"Jakobina";2846
"Jakobine";2847
"Jalma";2848
"Jalmara";2849
"Jalmine";2850
"Jamie";2851
"Jamina";2852
"Jana";2853
"Janca";2854
"Jane";2855
"Janecke";2856
"Janeke";2857
"Janelle";2858
"Janet";2859
"Janeth";2860
"Janett";2861
"Janette";2862
"Janfrid";2863
"Janhild";2864
"Jani";2865
"Janica";2866
"Janice";2867
"Janiche";2868
"Janicke";2869
"Janicke";2870
"Janie";2871
"Janika";2872
"Janike";2873
"Janikke";2874
"Janikke";2875
"Jani";2876
"Janina";2877
"Janine";2878
"Janis";2879
"Janita";2880
"Janka";2881
"Janke";2882
"Janke";2883
"Janna";2884
"Jannah";2885
"Janne";2886
"Janneche";2887
"Jannecke";2888
"Janneke";2889
"Jannet";2890
"Janneth";2891
"Jannette";2892
"Jannfrid";2893
"Janni";2894
"Jannica";2895
"Jannice";2896
"Janniche";2897
"Jannicke";2898
"Jannicke";2899
"Jannie";2900
"Jannik";2901
"Jannika";2902
"Jannike";2903
"Jannike";2904
"Jannikke";2905
"Jannina";2906
"Jannitha";2907
"Janny";2908
"Jaqueline";2909
"Jara";2910
"Jarbjørg";2911
"Jardbjørg";2912
"Jardtrud";2913
"Jarlaug";2914
"Jarlbjørg";2915
"Jarldis";2916
"Jarlfrid";2917
"Jarlfryd";2918
"Jarllaug";2919
"Jarly";2920
"Jarnfrid";2921
"Jarngjerd";2922
"Jarnhild";2923
"Jartru";2924
"Jartrud";2925
"Jasemi";2926
"Jasmi";2927
"Jasmina";2928
"Jasmine";2929
"Jasna";2930
"Jay";2931
"Jayne";2932
"Jea";2933
"Jeane";2934
"Jeanet";2935
"Jeaneth";2936
"Jeanethe";2937
"Jeanett";2938
"Jeanette";2939
"Jeanie";2940
"Jeanine";2941
"Jeanita";2942
"Jeanne";2943
"Jeannet";2944
"Jeannett";2945
"Jeannette";2946
"Jeannie";2947
"Jeannine";2948
"Jeannique";2949
"Jekaterina";2950
"Jela";2951
"Jelena";2952
"Jelica";2953
"Jemima";2954
"Jemime";2955
"Jemina";2956
"Jemine";2957
"Jemma";2958
"Je";2959
"Jena";2960
"Jendina";2961
"Jendine";2962
"Jenfrid";2963
"Jenfrida";2964
"Jenhild";2965
"Jenica";2966
"Jenifer";2967
"Jeniffer";2968
"Jenita";2969
"Jenna";2970
"Jenni";2971
"Jennica";2972
"Jennie";2973
"Jennifer";2974
"Jenniffer";2975
"Jenny";2976
"Jennyfer";2977
"Jense";2978
"Jensenette";2979
"Jensina";2980
"Jensine";2981
"Jensy";2982
"Jentina";2983
"Jentine";2984
"Jerd";2985
"Jerda";2986
"Jeremia";2987
"Jeremina";2988
"Jeremine";2989
"Jerica";2990
"Jerina";2991
"Jerine";2992
"Jerke";2993
"Jerlaug";2994
"Jerly";2995
"Jermina";2996
"Jermine";2997
"Jertrud";2998
"Jesenia";2999
"Jesica";3000
"Jesie";3001
"Jesine";3002
"Jessa";3003
"Jessenia";3004
"Jessi";3005
"Jessica";3006
"Jessie";3007
"Jessika";3008
"Jessina";3009
"Jessine";3010
"Jessy";3011
"Jetlene";3012
"Jetta";3013
"Jette";3014
"Jevanna";3015
"Jill";3016
"Jillia";3017
"Jina";3018
"Jo";3019
"Jø";3020
"Joachima";3021
"Joachime";3022
"Joacima";3023
"Joacime";3024
"Joakima";3025
"Joakime";3026
"Joa";3027
"Joana";3028
"Joan";3029
"Joanna";3030
"Joanne";3031
"Jobine";3032
"Jobora";3033
"Jocely";3034
"Jocelyne";3035
"Jodda";3036
"Jødda";3037
"Jodine";3038
"Jodis";3039
"Jody";3040
"Joella";3041
"Joelle";3042
"Joey";3043
"Jofrid";3044
"Jofrida";3045
"Johana";3046
"Johane";3047
"Johanna";3048
"Johanne";3049
"Johanni";3050
"Johanny";3051
"Johild";3052
"Johilda";3053
"Johna";3054
"Johnna";3055
"Johnny";3056
"Johny";3057
"Jokomine";3058
"Jokumine";3059
"Jolanda";3060
"Jolanta";3061
"Jolante";3062
"Jolaug";3063
"Jolie";3064
"Joli";3065
"Jolina";3066
"Joline";3067
"Jolly";3068
"Jona";3069
"Jonanda";3070
"Jonatine";3071
"Jondiane";3072
"Jondina";3073
"Jondine";3074
"Jone";3075
"Jonella";3076
"Jonelle";3077
"Jønet";3078
"Jonethe";3079
"Jonetta";3080
"Jonette";3081
"Jonfrid";3082
"Jonhild";3083
"Jonhilda";3084
"Jonhilde";3085
"Joni";3086
"Jonia";3087
"Jonida";3088
"Jonie";3089
"Jonill";3090
"Jonina";3091
"Jonine";3092
"Jonita";3093
"Jonlaug";3094
"Jonna";3095
"Jonne";3096
"Jonni";3097
"Jonnie";3098
"Jonny";3099
"Jonveig";3100
"Jora";3101
"Jora";3102
"Jorå";3103
"Jøra";3104
"Jorand";3105
"Jorånd";3106
"Jørand";3107
"Joranda";3108
"Jøranda";3109
"Jorande";3110
"Joran";3111
"Jorån";3112
"Jøran";3113
"Jordis";3114
"Jørdis";3115
"Joreid";3116
"Jore";3117
"Jorfrid";3118
"Jørga";3119
"Jørgense";3120
"Jørghild";3121
"Jørgi";3122
"Jørgie";3123
"Jørgina";3124
"Jørgine";3125
"Jørgny";3126
"Jørgu";3127
"Jørgun";3128
"Jorhild";3129
"Jørhild";3130
"Jori";3131
"Jøri";3132
"Jorid";3133
"Joril";3134
"Jøril";3135
"Jorild";3136
"Jørild";3137
"Jorill";3138
"Jørill";3139
"Jorina";3140
"Jorine";3141
"Jørine";3142
"Jorit";3143
"Jorith";3144
"Jorlaug";3145
"Jorna";3146
"Jørna";3147
"Jorne";3148
"Jørnele";3149
"Jørnella";3150
"Jørnelle";3151
"Jorni";3152
"Jørnilla";3153
"Jørnille";3154
"Joro";3155
"Jøro";3156
"Joron";3157
"Joru";3158
"Jøru";3159
"Jorund";3160
"Jørund";3161
"Jorun";3162
"Jørun";3163
"Jorunna";3164
"Jørvel";3165
"Jose";3166
"Josefa";3167
"Joseffa";3168
"Joseffina";3169
"Josefhi";3170
"Josefhina";3171
"Josefhine";3172
"Josefie";3173
"Josefie";3174
"Josefihne";3175
"Josefi";3176
"Josefina";3177
"Josefine";3178
"Joseline";3179
"Josely";3180
"Josepha";3181
"Josephina";3182
"Josephine";3183
"Josethe";3184
"Josette";3185
"Josiane";3186
"Josie";3187
"Josina";3188
"Josine";3189
"Josofine";3190
"Jossi";3191
"Jossie";3192
"Jossy";3193
"Joveig";3194
"Joy";3195
"Joyce";3196
"Jozefa";3197
"Jozefina";3198
"Juana";3199
"Juanita";3200
"Judit";3201
"Judita";3202
"Judite";3203
"Judith";3204
"Juditta";3205
"Juditte";3206
"Judy";3207
"Judyta";3208
"Jule";3209
"Julfrid";3210
"Julhild";3211
"Juli";3212
"Julia";3213
"Julia";3214
"Juliana";3215
"Juliane";3216
"Julian";3217
"Julianna";3218
"Julianne";3219
"Julie";3220
"Julienne";3221
"Juliet";3222
"Julieta";3223
"Julietta";3224
"Juliette";3225
"Julija";3226
"Julijana";3227
"Juline";3228
"Julita";3229
"Julitta";3230
"Julla";3231
"July";3232
"Juna";3233
"June";3234
"Junette";3235
"Junhild";3236
"Juni";3237
"Junia";3238
"Junie";3239
"Junine";3240
"Junita";3241
"Jun";3242
"Junnette";3243
"Junni";3244
"Juno";3245
"Jurid";3246
"Jussi";3247
"Jussie";3248
"Jussy";3249
"Justa";3250
"Juste";3251
"Justi";3252
"Justina";3253
"Justine";3254
"Justyna";3255
"Juta";3256
"Jutta";3257
"Jytte";3258
"Kaara";3259
"Kaarina";3260
"Kaci";3261
"Kadi";3262
"Kadri";3263
"Kæte";3264
"Kæthe";3265
"Kai";3266
"Kaia";3267
"Kaiana";3268
"Kaiane";3269
"Kaija";3270
"Kaila";3271
"Kaira";3272
"Kaire";3273
"Kairi";3274
"Kaisa";3275
"Kaitly";3276
"Kaja";3277
"Kajana";3278
"Kajane";3279
"Kajsa";3280
"Kala";3281
"Kalina";3282
"Kalla";3283
"Kally";3284
"Kalma";3285
"Kaltrina";3286
"Kamelia";3287
"Kamila";3288
"Kamile";3289
"Kamilia";3290
"Kamilla";3291
"Kamille";3292
"Kaminda";3293
"Kaminde";3294
"Kamma";3295
"Kanelke";3296
"Kanny";3297
"Kanuta";3298
"Kanute";3299
"Kanuthe";3300
"Kanutta";3301
"Kanutte";3302
"Kara";3303
"Kåra";3304
"Karanda";3305
"Karda";3306
"Kardis";3307
"Karee";3308
"Karella";3309
"Karelle";3310
"Kare";3311
"Karena";3312
"Karenanna";3313
"Karence";3314
"Karene";3315
"Karense";3316
"Karete";3317
"Karethe";3318
"Karette";3319
"Kårhild";3320
"Kari";3321
"Karia";3322
"Kariane";3323
"Karian";3324
"Karianna";3325
"Karianne";3326
"Karii";3327
"Karijanne";3328
"Kari";3329
"Karina";3330
"Karine";3331
"Karit";3332
"Karita";3333
"Karitas";3334
"Karitha";3335
"Karla";3336
"Karlena";3337
"Karlene";3338
"Karli";3339
"Karli";3340
"Karlina";3341
"Karlogna";3342
"Karlotta";3343
"Karlotte";3344
"Karlovna";3345
"Karlowna";3346
"Karly";3347
"Karma";3348
"Karme";3349
"Kar";3350
"Karna";3351
"Karnelske";3352
"Karnilske";3353
"Karny";3354
"Karol";3355
"Karola";3356
"Karoli";3357
"Karolina";3358
"Karoline";3359
"Karre";3360
"Karry";3361
"Karstina";3362
"Karstine";3363
"Karu";3364
"Kårun";3365
"Kasandra";3366
"Kasbara";3367
"Kaspara";3368
"Kassandra";3369
"Kassi";3370
"Kastina";3371
"Kastine";3372
"Kastora";3373
"Kata";3374
"Katali";3375
"Katalina";3376
"Katariina";3377
"Katarina";3378
"Katarine";3379
"Kate";3380
"Kately";3381
"Katerina";3382
"Katerine";3383
"Kateryna";3384
"Katharina";3385
"Katharine";3386
"Kathe";3387
"Käthe";3388
"Katheri";3389
"Katherina";3390
"Katherine";3391
"Kathie";3392
"Kathinca";3393
"Kathinka";3394
"Kathlee";3395
"Kathle";3396
"Kathly";3397
"Kathri";3398
"Kathrina";3399
"Kathrine";3400
"Kathry";3401
"Kathy";3402
"Kati";3403
"Katia";3404
"Katie";3405
"Katina";3406
"Katinka";3407
"Katja";3408
"Katla";3409
"Katri";3410
"Katri";3411
"Katrina";3412
"Katrine";3413
"Katti";3414
"Kattrine";3415
"Katty";3416
"Katy";3417
"Katya";3418
"Kaurina";3419
"Kaurine";3420
"Kay";3421
"Kaya";3422
"Kayla";3423
"Kaylee";3424
"Kaysa";3425
"Keila";3426
"Keira";3427
"Kelfrid";3428
"Kellaug";3429
"Kelley";3430
"Kellfrid";3431
"Kellie";3432
"Kelly";3433
"Kemma";3434
"Kendra";3435
"Kenny";3436
"Kere";3437
"Kerry";3438
"Kerste";3439
"Kersti";3440
"Kersti";3441
"Kerstine";3442
"Kerttu";3443
"Kery";3444
"Kesia";3445
"Ket";3446
"Keth";3447
"Kethli";3448
"Ketty";3449
"Keyla";3450
"Kezia";3451
"Keziah";3452
"Kia";3453
"Kiana";3454
"Kiara";3455
"Kicki";3456
"Kiera";3457
"Kierste";3458
"Kieste";3459
"Kiesti";3460
"Kiki";3461
"Kikka";3462
"Kikki";3463
"Kilma";3464
"Kim";3465
"Kima";3466
"Kimberley";3467
"Kimberly";3468
"Kimmie";3469
"Kimmy";3470
"Kina";3471
"Kine";3472
"Kinga";3473
"Kira";3474
"Kiri";3475
"Kirsi";3476
"Kirste";3477
"Kirste";3478
"Kirsti";3479
"Kirstie";3480
"Kirsti";3481
"Kirstina";3482
"Kirstine";3483
"Kirsty";3484
"Kirvil";3485
"Kirvill";3486
"Kis";3487
"Kiss";3488
"Kiste";3489
"Kisti";3490
"Kisti";3491
"Kit";3492
"Kith";3493
"Kitt";3494
"Kitti";3495
"Kitty";3496
"Kjærlaug";3497
"Kjærsti";3498
"Kjærsti";3499
"Kjelborg";3500
"Kjeldru";3501
"Kjelfrid";3502
"Kjella";3503
"Kjellaug";3504
"Kjellbjørg";3505
"Kjellborg";3506
"Kjellfrid";3507
"Kjellgun";3508
"Kjellrid";3509
"Kjellru";3510
"Kjellrund";3511
"Kjellrun";3512
"Kjellvor";3513
"Kjelly";3514
"Kjelru";3515
"Kjerlaug";3516
"Kjerste";3517
"Kjersti";3518
"Kjersti";3519
"Kjerstina";3520
"Kjerstine";3521
"Kjeste";3522
"Kjesti";3523
"Kjestine";3524
"Kjirsti";3525
"Klara";3526
"Klarine";3527
"Klarise";3528
"Klarisse";3529
"Klarry";3530
"Klary";3531
"Klaudia";3532
"Klaudie";3533
"Klaudine";3534
"Klausina";3535
"Klausine";3536
"Klea";3537
"Klementina";3538
"Knuddina";3539
"Knuddine";3540
"Knudina";3541
"Knudine";3542
"Knuthild";3543
"Knutiane";3544
"Knutina";3545
"Knutine";3546
"Kolbjørg";3547
"Kolbru";3548
"Koldis";3549
"Kolfinna";3550
"Kolfrid";3551
"Kolgrima";3552
"Kollbjørg";3553
"Kolny";3554
"Kolterna";3555
"Kolveig";3556
"Konni";3557
"Konny";3558
"Konradina";3559
"Konradine";3560
"Konsine";3561
"Konstance";3562
"Konstanse";3563
"Konstanze";3564
"Konstina";3565
"Konstine";3566
"Kora";3567
"Korina";3568
"Kornelia";3569
"Kornelie";3570
"Kornilske";3571
"Kræsti";3572
"Kresti";3573
"Krestine";3574
"Kris";3575
"Krishna";3576
"Krismar";3577
"Kriss";3578
"Krista";3579
"Krista";3580
"Kristanse";3581
"Kristbjørg";3582
"Kristel";3583
"Kristell";3584
"Kriste";3585
"Kristence";3586
"Kristense";3587
"Kristhild";3588
"Kristi";3589
"Kristiana";3590
"Kristiane";3591
"Kristianna";3592
"Kristianne";3593
"Kristie";3594
"Kristiina";3595
"Kristil";3596
"Kristi";3597
"Kristina";3598
"Kristine";3599
"Kristjana";3600
"Kristlaug";3601
"Kristmar";3602
"Kristmara";3603
"Kristofa";3604
"Kristoffa";3605
"Kristoffia";3606
"Kristofia";3607
"Kristofina";3608
"Kristofine";3609
"Kristru";3610
"Kristy";3611
"Krystal";3612
"Krystyna";3613
"Ksenia";3614
"Ksenija";3615
"Kyla";3616
"Kylie";3617
"Kylli";3618
"Kyra";3619
"Lada";3620
"Ladgjerd";3621
"Lady";3622
"Lærke";3623
"Laetitia";3624
"Lætitia";3625
"Lagerda";3626
"Lagerta";3627
"Lagertha";3628
"Laia";3629
"Laila";3630
"Laima";3631
"Laina";3632
"Laine";3633
"Lajla";3634
"Lala";3635
"Lalla";3636
"Lalli";3637
"Lally";3638
"Lamberta";3639
"Lana";3640
"Lara";3641
"Lare";3642
"Lari";3643
"Larina";3644
"Larine";3645
"Larisa";3646
"Larissa";3647
"Larsiane";3648
"Larsina";3649
"Larsine";3650
"Lassine";3651
"Laura";3652
"Laure";3653
"Lauree";3654
"Laurel";3655
"Laure";3656
"Laurence";3657
"Laurense";3658
"Laurentia";3659
"Laurentse";3660
"Laurentze";3661
"Laureta";3662
"Lauretta";3663
"Laurette";3664
"Laurie";3665
"Laurine";3666
"Laurise";3667
"Lauritsa";3668
"Lauritse";3669
"Lauritza";3670
"Lauritze";3671
"Laury";3672
"Lava";3673
"Lavina";3674
"Lavine";3675
"Lavinia";3676
"Layla";3677
"Lea";3678
"Leah";3679
"Lea";3680
"Leana";3681
"Leanda";3682
"Leandra";3683
"Leane";3684
"Lean";3685
"Leanna";3686
"Leanne";3687
"Ledis";3688
"Lee";3689
"Lee";3690
"Leena";3691
"Leia";3692
"Leiah";3693
"Leidvor";3694
"Leikny";3695
"Leila";3696
"Leiva";3697
"Leja";3698
"Lejla";3699
"Lembi";3700
"Lempi";3701
"Le";3702
"Lena";3703
"Lene";3704
"Lenea";3705
"Lenette";3706
"Leni";3707
"Lenia";3708
"Lenie";3709
"Lenita";3710
"Lenja";3711
"Lenna";3712
"Lenny";3713
"Lenora";3714
"Lenore";3715
"Leny";3716
"Leokadia";3717
"Leona";3718
"Leonarda";3719
"Leone";3720
"Leonharda";3721
"Leoni";3722
"Leonida";3723
"Leonie";3724
"Leonita";3725
"Leonor";3726
"Leonora";3727
"Leonore";3728
"Leontina";3729
"Leontine";3730
"Leopoldine";3731
"Lerke";3732
"Lesley";3733
"Leslie";3734
"Leta";3735
"Leticia";3736
"Letitia";3737
"Letizia";3738
"Letta";3739
"Lette";3740
"Lette";3741
"Letty";3742
"Levie";3743
"Levina";3744
"Levine";3745
"Leya";3746
"Leyla";3747
"Li";3748
"Lia";3749
"Liah";3750
"Lia";3751
"Liana";3752
"Liane";3753
"Lianna";3754
"Lianne";3755
"Liara";3756
"Lida";3757
"Liddy";3758
"Lidia";3759
"Lidija";3760
"Lidny";3761
"Lidru";3762
"Lidu";3763
"Lidun";3764
"Lidveig";3765
"Lidvor";3766
"Liesbeth";3767
"Liesel";3768
"Lieselotte";3769
"Liesl";3770
"Lif";3771
"Liina";3772
"Liisa";3773
"Lila";3774
"Lili";3775
"Lilia";3776
"Lilia";3777
"Liliana";3778
"Liliane";3779
"Lilian";3780
"Lilianna";3781
"Lilianne";3782
"Lilibeth";3783
"Lilija";3784
"Lilit";3785
"Lilith";3786
"Liliya";3787
"Lilja";3788
"Lilja";3789
"Liljana";3790
"Lilje";3791
"Lill";3792
"Lilla";3793
"Lilla";3794
"Lillan";3795
"Lille";3796
"Lilleba";3797
"Lillebil";3798
"Lillebill";3799
"Lillegull";3800
"Lillemor";3801
"Lille";3802
"Lillfrid";3803
"Lillgun";3804
"Lilli";3805
"Lillia";3806
"Lillia";3807
"Lilliana";3808
"Lilliane";3809
"Lillian";3810
"Lillianne";3811
"Lillibeth";3812
"Lillie";3813
"Lillie";3814
"Lillith";3815
"Lillja";3816
"Lilly";3817
"Lillya";3818
"Lilo";3819
"Lilou";3820
"Lily";3821
"Lilya";3822
"Li";3823
"Lina";3824
"Linbjørg";3825
"Linche";3826
"Lind";3827
"Linda";3828
"Lindbjørg";3829
"Linde";3830
"Lindi";3831
"Lindie";3832
"Lindis";3833
"Lindsay";3834
"Lindsey";3835
"Lindy";3836
"Line";3837
"Linea";3838
"Lineah";3839
"Linett";3840
"Linette";3841
"Linge";3842
"Linita";3843
"Linke";3844
"Lin";3845
"Linna";3846
"Linne";3847
"Linnea";3848
"Linneah";3849
"Linnet";3850
"Linni";3851
"Linnie";3852
"Linny";3853
"Linveig";3854
"Lis";3855
"Lisa";3856
"Lisabet";3857
"Lisabeth";3858
"Lisamarie";3859
"Lisanne";3860
"Lisbed";3861
"Lisbet";3862
"Lisbeth";3863
"Lisbett";3864
"Lise";3865
"Lisebet";3866
"Lisebeth";3867
"Lisel";3868
"Lisell";3869
"Liselott";3870
"Liselotte";3871
"Lise";3872
"Liseth";3873
"Lisethe";3874
"Lisett";3875
"Lisette";3876
"Lisi";3877
"Liske";3878
"Liss";3879
"Lissa";3880
"Lissbeth";3881
"Lisset";3882
"Lissette";3883
"Lissi";3884
"Lissie";3885
"Lissy";3886
"Lita";3887
"Lite";3888
"Litha";3889
"Liv";3890
"Liva";3891
"Live";3892
"Liveig";3893
"Live";3894
"Livia";3895
"Livny";3896
"Livø";3897
"Liw";3898
"Liya";3899
"Liyana";3900
"Liz";3901
"Liza";3902
"Lizbeth";3903
"Lizeth";3904
"Lizette";3905
"Lizz";3906
"Lizzi";3907
"Lizzie";3908
"Lizzy";3909
"Ljodøy";3910
"Lodveig";3911
"Lois";3912
"Loise";3913
"Lola";3914
"Lolita";3915
"Lolla";3916
"Lollo";3917
"Lolly";3918
"Lolo";3919
"Lona";3920
"Lone";3921
"Lonnie";3922
"Lonny";3923
"Lora";3924
"Loraine";3925
"Lore";3926
"Loree";3927
"Lore";3928
"Lorena";3929
"Lorence";3930
"Lorencia";3931
"Lorene";3932
"Lorense";3933
"Lorensia";3934
"Lorentia";3935
"Lorentina";3936
"Lorentine";3937
"Lorentse";3938
"Lorentsia";3939
"Lorentze";3940
"Lorentzia";3941
"Lorenze";3942
"Lorenzia";3943
"Loreta";3944
"Loreto";3945
"Loretta";3946
"Lori";3947
"Lorie";3948
"Lori";3949
"Lorina";3950
"Lorine";3951
"Lorna";3952
"Lorntina";3953
"Lorntine";3954
"Lorraine";3955
"Lorry";3956
"Løssi";3957
"Lotta";3958
"Lotte";3959
"Lottelise";3960
"Lotte";3961
"Lotti";3962
"Lou";3963
"Louella";3964
"Louice";3965
"Louie";3966
"Louisa";3967
"Louise";3968
"Louiza";3969
"Louvise";3970
"Lova";3971
"Lovei";3972
"Loveig";3973
"Lovinda";3974
"Lovine";3975
"Lovis";3976
"Lovisa";3977
"Lovise";3978
"Lovna";3979
"Lu";3980
"Luana";3981
"Luca";3982
"Lucia";3983
"Luciana";3984
"Luciane";3985
"Lucie";3986
"Lucienne";3987
"Lucija";3988
"Lucila";3989
"Lucile";3990
"Lucilla";3991
"Lucille";3992
"Lucinda";3993
"Lucine";3994
"Lucky";3995
"Lucretia";3996
"Lucy";3997
"Lucyna";3998
"Ludmila";3999
"Ludmilla";4000
"Ludovike";4001
"Ludvika";4002
"Ludvike";4003
"Ludvikke";4004
"Ludvine";4005
"Luella";4006
"Luisa";4007
"Luise";4008
"Luiza";4009
"Luka";4010
"Lukris";4011
"Lula";4012
"Lull";4013
"Lulla";4014
"Lulle";4015
"Lulli";4016
"Lully";4017
"Lulu";4018
"Luna";4019
"Lusi";4020
"Lusie";4021
"Lusine";4022
"Lussi";4023
"Lussie";4024
"Luzie";4025
"Ly";4026
"Lyche";4027
"Lycke";4028
"Lydia";4029
"Lydiana";4030
"Lydiane";4031
"Lydianna";4032
"Lydianne";4033
"Lydie";4034
"Lydveig";4035
"Lydvor";4036
"Lykke";4037
"Ly";4038
"Lynda";4039
"Lynette";4040
"Lyn";4041
"Lynne";4042
"Lynni";4043
"Lyra";4044
"Ma";4045
"Maalfrid";4046
"Maarit";4047
"Maarja";4048
"Mabel";4049
"Mable";4050
"Madalena";4051
"Maddele";4052
"Madel";4053
"Madela";4054
"Madelaine";4055
"Madelei";4056
"Madeleine";4057
"Madele";4058
"Madelena";4059
"Madelene";4060
"Madeli";4061
"Madeline";4062
"Madicke";4063
"Madikke";4064
"Madiso";4065
"Madita";4066
"Madle";4067
"Madli";4068
"Madly";4069
"Madonna";4070
"Madsi";4071
"Mae";4072
"Mæret";4073
"Mærret";4074
"Mærta";4075
"Mærtha";4076
"Mætte";4077
"Magareta";4078
"Magarete";4079
"Magaretha";4080
"Magarethe";4081
"Magda";4082
"Magdale";4083
"Magdalena";4084
"Magdalene";4085
"Magdali";4086
"Magdalina";4087
"Magdela";4088
"Magdele";4089
"Magdelene";4090
"Magdeli";4091
"Magdelone";4092
"Magel";4093
"Mageli";4094
"Magga";4095
"Maggi";4096
"Maggie";4097
"Maggy";4098
"Magla";4099
"Magli";4100
"Magna";4101
"Magnbjørg";4102
"Magnea";4103
"Magnfrid";4104
"Magnhild";4105
"Magnhilda";4106
"Magni";4107
"Magnil";4108
"Magnild";4109
"Magnina";4110
"Magnine";4111
"Magnora";4112
"Magnvor";4113
"Magny";4114
"Magret";4115
"Magreta";4116
"Magrete";4117
"Magreth";4118
"Magretha";4119
"Magrethe";4120
"Magrit";4121
"Magrith";4122
"Magritt";4123
"Magte";4124
"Magthilde";4125
"Magtilde";4126
"Mai";4127
"Maia";4128
"Maibel";4129
"Maibritt";4130
"Maiche";4131
"Maid";4132
"Maida";4133
"Maie";4134
"Maie";4135
"Maifrid";4136
"Maigun";4137
"Maija";4138
"Maika";4139
"Maike";4140
"Maike";4141
"Maila";4142
"Mailee";4143
"Maile";4144
"Mailene";4145
"Mailill";4146
"Maili";4147
"Mailin";4148
"Mailis";4149
"Mailiss";4150
"Maily";4151
"Mai";4152
"Maina";4153
"Maine";4154
"Mainy";4155
"Maira";4156
"Maire";4157
"Mairi";4158
"Mairi";4159
"Maisa";4160
"Maise";4161
"Mait";4162
"Maivi";4163
"Maivor";4164
"Maj";4165
"Maja";4166
"Majbrit";4167
"Majbritt";4168
"Maje";4169
"Maje";4170
"Majka";4171
"Majke";4172
"Majla";4173
"Majle";4174
"Majli";4175
"Majlinda";4176
"Majlis";4177
"Majvi";4178
"Majvor";4179
"Mala";4180
"Maldis";4181
"Malea";4182
"Male";4183
"Malena";4184
"Malene";4185
"Malfrid";4186
"Målfrid";4187
"Malfrida";4188
"Målfrida";4189
"Malfride";4190
"Malfryd";4191
"Målfryd";4192
"Mali";4193
"Malia";4194
"Malika";4195
"Mali";4196
"Malina";4197
"Maline";4198
"Malin";4199
"Malki";4200
"Malky";4201
"Malla";4202
"Malle";4203
"Mallena";4204
"Mallene";4205
"Malli";4206
"Malli";4207
"Mally";4208
"Malmfrid";4209
"Malmfryd";4210
"Malou";4211
"Malvina";4212
"Malvine";4213
"Malwina";4214
"Mamie";4215
"Mammy";4216
"Mamy";4217
"Manda";4218
"Mandora";4219
"Mandy";4220
"Mangela";4221
"Manghild";4222
"Mani";4223
"Mania";4224
"Manja";4225
"Manna";4226
"Manny";4227
"Manuela";4228
"Manya";4229
"Mara";4230
"Marcela";4231
"Marcelia";4232
"Marcelie";4233
"Marcelina";4234
"Marceline";4235
"Marcella";4236
"Marcelle";4237
"Marcia";4238
"Mardis";4239
"Mareche";4240
"Mareike";4241
"Mareke";4242
"Mare";4243
"Marena";4244
"Marenanna";4245
"Marence";4246
"Marene";4247
"Marens";4248
"Marense";4249
"Marentse";4250
"Marentz";4251
"Marentze";4252
"Marenze";4253
"Maret";4254
"Mareta";4255
"Marete";4256
"Marfrid";4257
"Marga";4258
"Margaret";4259
"Margareta";4260
"Margarete";4261
"Margareth";4262
"Margaretha";4263
"Margarethe";4264
"Margarett";4265
"Margarita";4266
"Margarite";4267
"Margaritha";4268
"Margarithe";4269
"Margaritta";4270
"Margaritte";4271
"Margaux";4272
"Marge";4273
"Margereta";4274
"Margerete";4275
"Margeretha";4276
"Margerethe";4277
"Margery";4278
"Marget";4279
"Margeta";4280
"Margete";4281
"Margeth";4282
"Margetha";4283
"Margethe";4284
"Margherita";4285
"Margie";4286
"Margit";4287
"Margita";4288
"Margite";4289
"Margith";4290
"Margitha";4291
"Margithe";4292
"Margitt";4293
"Margitta";4294
"Margitte";4295
"Margjit";4296
"Margo";4297
"Margodt";4298
"Margot";4299
"Margoth";4300
"Margothe";4301
"Margott";4302
"Margotte";4303
"Margret";4304
"Margreta";4305
"Margrete";4306
"Margreth";4307
"Margretha";4308
"Margrethe";4309
"Margriet";4310
"Margrit";4311
"Margrith";4312
"Margritt";4313
"Marguerita";4314
"Marguerite";4315
"Margu";4316
"Margun";4317
"Margy";4318
"Marhild";4319
"Marhilde";4320
"Mari";4321
"Maria";4322
"Mariah";4323
"Mariam";4324
"Maria";4325
"Mariana";4326
"Mariane";4327
"Marian";4328
"Marianna";4329
"Marianne";4330
"Maribel";4331
"Maribeth";4332
"Marica";4333
"Mariche";4334
"Maricke";4335
"Marie";4336
"Marieke";4337
"Mariel";4338
"Mariela";4339
"Mariell";4340
"Mariella";4341
"Marielle";4342
"Marieta";4343
"Marietta";4344
"Mariette";4345
"Marija";4346
"Marijanne";4347
"Marika";4348
"Marike";4349
"Marike";4350
"Marikka";4351
"Marikke";4352
"Mariko";4353
"Marile";4354
"Marilena";4355
"Marilene";4356
"Marily";4357
"Mari";4358
"Marina";4359
"Marine";4360
"Marinette";4361
"Mariola";4362
"Mario";4363
"Maris";4364
"Marisa";4365
"Marise";4366
"Marisol";4367
"Marissa";4368
"Marit";4369
"Marita";4370
"Marite";4371
"Marith";4372
"Maritha";4373
"Maritta";4374
"Maritte";4375
"Maritza";4376
"Mariza";4377
"Marja";4378
"Marjam";4379
"Marja";4380
"Marjana";4381
"Marjane";4382
"Marjit";4383
"Marjo";4384
"Marjorie";4385
"Marjory";4386
"Marjut";4387
"Marke";4388
"Marketa";4389
"Marla";4390
"Marlaug";4391
"Marlee";4392
"Marle";4393
"Marlena";4394
"Marlene";4395
"Marlies";4396
"Marli";4397
"Marlina";4398
"Marline";4399
"Marlin";4400
"Marlis";4401
"Marlov";4402
"Marly";4403
"Marly";4404
"Mar";4405
"Marna";4406
"Marne";4407
"Marni";4408
"Marnie";4409
"Marny";4410
"Marret";4411
"Marri";4412
"Marrike";4413
"Marry";4414
"Marselia";4415
"Marselie";4416
"Marsella";4417
"Marselle";4418
"Marsha";4419
"Marta";4420
"Märta";4421
"Marte";4422
"Martea";4423
"Martelene";4424
"Martha";4425
"Märtha";4426
"Marthe";4427
"Marthea";4428
"Marthild";4429
"Marthilda";4430
"Marthilde";4431
"Marthina";4432
"Marthine";4433
"Martilda";4434
"Martilde";4435
"Martina";4436
"Martine";4437
"Martta";4438
"Martyna";4439
"Marvel";4440
"Marvell";4441
"Marwel";4442
"Marwell";4443
"Mary";4444
"Marya";4445
"Maryam";4446
"Marya";4447
"Maryana";4448
"Maryan";4449
"Maryanne";4450
"Maryell";4451
"Maryelle";4452
"Maryke";4453
"Maryle";4454
"Maryli";4455
"Maryly";4456
"Maryo";4457
"Masa";4458
"Masella";4459
"Maselle";4460
"Masine";4461
"Massi";4462
"Matea";4463
"Mathea";4464
"Mathia";4465
"Mathilda";4466
"Mathilde";4467
"Mathy";4468
"Matild";4469
"Matilda";4470
"Matilde";4471
"Matja";4472
"Mattea";4473
"Matti";4474
"Matty";4475
"Matylda";4476
"Maud";4477
"Maude";4478
"Maura";4479
"Mauree";4480
"Mavis";4481
"Maxima";4482
"Maxime";4483
"Maxine";4484
"May";4485
"Maya";4486
"Maybel";4487
"Maybell";4488
"Maybrit";4489
"Maybritt";4490
"Maye";4491
"Mayfrid";4492
"Mayke";4493
"Mayla";4494
"Maylee";4495
"Mayle";4496
"Maylene";4497
"Mayli";4498
"Maylin";4499
"Maylis";4500
"Mayliss";4501
"Mayliz";4502
"Mayna";4503
"Mayra";4504
"Mayrita";4505
"Mayvår";4506
"Mayvi";4507
"Mayvor";4508
"Mebel";4509
"Mechthild";4510
"Meda";4511
"Mega";4512
"Mei";4513
"Meibel";4514
"Meike";4515
"Meja";4516
"Mekthilde";4517
"Mektilde";4518
"Melani";4519
"Melania";4520
"Melanie";4521
"Melany";4522
"Melba";4523
"Melborg";4524
"Melda";4525
"Melia";4526
"Melina";4527
"Melinda";4528
"Meline";4529
"Melisa";4530
"Melissa";4531
"Melita";4532
"Melitta";4533
"Melkiorine";4534
"Melkorka";4535
"Mella";4536
"Melodi";4537
"Melodia";4538
"Melodie";4539
"Melody";4540
"Melvida";4541
"Melvina";4542
"Melvine";4543
"Mena";4544
"Menny";4545
"Mensina";4546
"Mensine";4547
"Mentsine";4548
"Mentzine";4549
"Mercedes";4550
"Mercy";4551
"Merete";4552
"Merethe";4553
"Meri";4554
"Merike";4555
"Merina";4556
"Merit";4557
"Merita";4558
"Merja";4559
"Merle";4560
"Merli";4561
"Merri";4562
"Merritt";4563
"Merry";4564
"Mervi";4565
"Mery";4566
"Meryl";4567
"Meta";4568
"Metha";4569
"Metta";4570
"Mette";4571
"Meud";4572
"Mey";4573
"Mi";4574
"Mia";4575
"Micaela";4576
"Micah";4577
"Micaline";4578
"Michaela";4579
"Michal b";4580
"Michala";4581
"Michela";4582
"Michele";4583
"Micheline";4584
"Michell";4585
"Michella";4586
"Michelle";4587
"Mie";4588
"Mieke";4589
"Migno";4590
"Miia";4591
"Miina";4592
"Mija";4593
"Mika";4594
"Mikaela";4595
"Mikal";4596
"Mikala";4597
"Mikalda";4598
"Mikalina";4599
"Mikaline";4600
"Mikela";4601
"Mikine";4602
"Mikkelina";4603
"Mikkeline";4604
"Mikol";4605
"Mila";4606
"Milana";4607
"Milda";4608
"Milde";4609
"Mildfrid";4610
"Mildred";4611
"Mildri";4612
"Mildrid";4613
"Mildru";4614
"Milea";4615
"Milena";4616
"Milene";4617
"Miley";4618
"Milfrid";4619
"Milia";4620
"Miliane";4621
"Milie";4622
"Milja";4623
"Milka";4624
"Milla";4625
"Millaug";4626
"Mille";4627
"Milli";4628
"Millie";4629
"Millrid";4630
"Milly";4631
"Milred";4632
"Milrid";4633
"Mimi";4634
"Mimmi";4635
"Mimmie";4636
"Mimmy";4637
"Mimosa";4638
"Mimoza";4639
"Mina";4640
"Minca";4641
"Minche";4642
"Minda";4643
"Minde";4644
"Mindora";4645
"Mindy";4646
"Mine";4647
"Minea";4648
"Minerva";4649
"Minja";4650
"Minka";4651
"Minke";4652
"Minna";4653
"Minnah";4654
"Minni";4655
"Minnie";4656
"Minny";4657
"Minoo";4658
"Minora";4659
"Minou";4660
"Mira";4661
"Mirabell";4662
"Mirabella";4663
"Mirabelle";4664
"Mira";4665
"Miranda";4666
"Mire";4667
"Mireille";4668
"Mirela";4669
"Mirell";4670
"Mirella";4671
"Mirelle";4672
"Miri";4673
"Miria";4674
"Miriam";4675
"Miria";4676
"Mirian";4677
"Miriell";4678
"Mirielle";4679
"Mirijam";4680
"Mirja";4681
"Mirjam";4682
"Mirjana";4683
"Mirka";4684
"Mirna";4685
"Mirta";4686
"Mirtha";4687
"Mirva";4688
"Miryam";4689
"Mischa";4690
"Misha";4691
"Mist";4692
"Mitra";4693
"Mix";4694
"Miya";4695
"Mjella";4696
"Moa";4697
"Modesta";4698
"Modfrid";4699
"Modgu";4700
"Modgun";4701
"Modhild";4702
"Modil";4703
"Moira";4704
"Molfri";4705
"Molfrid";4706
"Molfrie";4707
"Molla";4708
"Molle";4709
"Mollie";4710
"Molly";4711
"Mona";4712
"Monalisa";4713
"Mone";4714
"Monet";4715
"Monette";4716
"Moni";4717
"Monia";4718
"Monica";4719
"Monicha";4720
"Monicka";4721
"Monika";4722
"Monique";4723
"Monita";4724
"Monja";4725
"Monna";4726
"Monne";4727
"Monsina";4728
"Monsine";4729
"Montana";4730
"Monya";4731
"Morga";4732
"Morgana";4733
"Moria";4734
"Morthina";4735
"Morthine";4736
"Mortina";4737
"Mortine";4738
"Moss";4739
"Mossa";4740
"Mosse";4741
"Mossel";4742
"Mosse";4743
"Mossi";4744
"Møy";4745
"Møyfrid";4746
"Mundgerd";4747
"Mundgerda";4748
"Mundgjerd";4749
"Mundgjerda";4750
"Mundhild";4751
"Muriel";4752
"My";4753
"Mya";4754
"Mynte";4755
"Mynthe";4756
"Myra";4757
"Myri";4758
"Myriam";4759
"Myrna";4760
"Myrt";4761
"Myrtel";4762
"Myrth";4763
"Myrthe";4764
"Myrthel";4765
"Myrthild";4766
"Myrthle";4767
"Myrtle";4768
"Nadia";4769
"Nadi";4770
"Nadina";4771
"Nadine";4772
"Nadja";4773
"Nadya";4774
"Naema";4775
"Naemi";4776
"Naima";4777
"Naimi";4778
"Naina";4779
"Naja";4780
"Najma";4781
"Nala";4782
"Na";4783
"Nana";4784
"Nanci";4785
"Nancine";4786
"Nancy";4787
"Nanda";4788
"Nanett";4789
"Nanette";4790
"Nanfrid";4791
"Nani";4792
"Nanina";4793
"Nanine";4794
"Nan";4795
"Nanna";4796
"Nanne";4797
"Nannette";4798
"Nanni";4799
"Nannie";4800
"Nanny";4801
"Nansi";4802
"Nansine";4803
"Nansy";4804
"Nany";4805
"Nanzy";4806
"Naomi";4807
"Narda";4808
"Natacha";4809
"Natali";4810
"Natalia";4811
"Natalie";4812
"Natalina";4813
"Natalja";4814
"Natallia";4815
"Natalya";4816
"Natasa";4817
"Natascha";4818
"Natasha";4819
"Natasja";4820
"Natassia";4821
"Nathali";4822
"Nathalia";4823
"Nathalie";4824
"Naya";4825
"Nea";4826
"Neah";4827
"Neele";4828
"Neena";4829
"Nekoline";4830
"Nela";4831
"Nelbjørg";4832
"Nelborg";4833
"Nelda";4834
"Nelde";4835
"Nele";4836
"Nelfrid";4837
"Neli";4838
"Nelia";4839
"Nelie";4840
"Neline";4841
"Nell";4842
"Nella";4843
"Nellborg";4844
"Nelle";4845
"Nellfrid";4846
"Nelli";4847
"Nellie";4848
"Nellina";4849
"Nelline";4850
"Nelly";4851
"Nelvine";4852
"Nemi";4853
"Nemine";4854
"Nena";4855
"Nene";4856
"Nenne";4857
"Nenny";4858
"Nera";4859
"Nerissa";4860
"Nese";4861
"Nessa";4862
"Netta";4863
"Nette";4864
"Nettie";4865
"Netty";4866
"Neva";4867
"Nia";4868
"Nicha";4869
"Nichole";4870
"Nicholine";4871
"Nickoline";4872
"Nicol";4873
"Nicola";4874
"Nicole";4875
"Nicolea";4876
"Nicoleta";4877
"Nicoletta";4878
"Nicolette";4879
"Nicolina";4880
"Nicoline";4881
"Nida";4882
"Nielsina";4883
"Nielsine";4884
"Nielssine";4885
"Niina";4886
"Nika";4887
"Nike";4888
"Niki";4889
"Nikita";4890
"Nikka";4891
"Nikke";4892
"Nikki";4893
"Nikko";4894
"Nikkolina";4895
"Nikkoline";4896
"Niko";4897
"Nikol";4898
"Nikola";4899
"Nikolaia";4900
"Nikole";4901
"Nikolea";4902
"Nikoleta";4903
"Nikoletta";4904
"Nikolina";4905
"Nikoline";4906
"Nila";4907
"Nilbjørg";4908
"Nilborg";4909
"Nilda";4910
"Nilde";4911
"Nilette";4912
"Nilfrid";4913
"Nilfrida";4914
"Nilia";4915
"Nilie";4916
"Nilla";4917
"Nille";4918
"Nilly";4919
"Nilma";4920
"Nilsigne";4921
"Nilsina";4922
"Nilsine";4923
"Nilske";4924
"Nilssina";4925
"Nilssine";4926
"Nilvarda";4927
"Nimrod";4928
"Ni";4929
"Nina";4930
"Nine";4931
"Ninett";4932
"Ninette";4933
"Nini";4934
"Ninia";4935
"Ninja";4936
"Ninna";4937
"Ninni";4938
"Ninnie";4939
"Ninny";4940
"Nisa";4941
"Nita";4942
"Nitha";4943
"Noa";4944
"Noel";4945
"Noelia";4946
"Noella";4947
"Noelle";4948
"Noemi";4949
"Nomi";4950
"Nona";4951
"Nonna";4952
"Noomi";4953
"Noora";4954
"Nora";4955
"Norah";4956
"Noranda";4957
"Norbjørg";4958
"Nord";4959
"Norda";4960
"Nordbjørg";4961
"Nordhild";4962
"Nordianna";4963
"Nordine";4964
"Nordis";4965
"Nore";4966
"Norea";4967
"Noree";4968
"Norena";4969
"Norene";4970
"Norfrid";4971
"Norfrida";4972
"Norfryd";4973
"Norgun";4974
"Norhild";4975
"Noria";4976
"Norid";4977
"Noril";4978
"Norild";4979
"Norill";4980
"Nori";4981
"Norine";4982
"Norita";4983
"Norlaug";4984
"Norma";4985
"Normanda";4986
"Norna";4987
"Norny";4988
"Noru";4989
"Norund";4990
"Norun";4991
"Norveig";4992
"Nova";4993
"Novalie";4994
"Nuria";4995
"Nuta";4996
"Nute";4997
"Nutta";4998
"Nutte";4999
"Nuura";5000
"Nyfrid";5001
"Nynne";5002
"Objørg";5003
"Ocelie";5004
"Octava";5005
"Octavia";5006
"Oda";5007
"Odbjørg";5008
"Odborg";5009
"Odda";5010
"Oddbjørg";5011
"Oddborg";5012
"Oddfrid";5013
"Oddgerd";5014
"Oddgu";5015
"Oddgun";5016
"Oddhild";5017
"Oddlaug";5018
"Oddli";5019
"Oddly";5020
"Oddni";5021
"Oddny";5022
"Oddru";5023
"Oddrund";5024
"Oddrun";5025
"Oddvarda";5026
"Oddvei";5027
"Oddveig";5028
"Oddvor";5029
"Odel";5030
"Odelia";5031
"Odella";5032
"Odessa";5033
"Odeta";5034
"Odette";5035
"Odfrid";5036
"Odhild";5037
"Odil";5038
"Odila";5039
"Odile";5040
"Odilia";5041
"Odine";5042
"Odinie";5043
"Odit";5044
"Odith";5045
"Odlaug";5046
"Odly";5047
"Odny";5048
"Odru";5049
"Odrun";5050
"Odvara";5051
"Odveig";5052
"Ofelia";5053
"Øidis";5054
"Øifrid";5055
"Oili";5056
"Oiva";5057
"Øivine";5058
"Øivor";5059
"Oktava";5060
"Oktavia";5061
"Oktaviana";5062
"Ola";5063
"Olafia";5064
"Olalia";5065
"Olalie";5066
"Olana";5067
"Olanda";5068
"Olane";5069
"Olanna";5070
"Olanne";5071
"Olau";5072
"Olaug";5073
"Olauga";5074
"Olava";5075
"Olave";5076
"Olavia";5077
"Olavine";5078
"Olbertine";5079
"Olbjørg";5080
"Olborg";5081
"Olda";5082
"Oldbjørg";5083
"Oldborg";5084
"Oldfrid";5085
"Oldina";5086
"Oldine";5087
"Oldis";5088
"Olea";5089
"Oleana";5090
"Oleanda";5091
"Oleane";5092
"Oleanna";5093
"Oleanne";5094
"Olefi";5095
"Olefina";5096
"Olefine";5097
"Oleif";5098
"Oleiv";5099
"Olemine";5100
"Olena";5101
"Olene";5102
"Olesia";5103
"Olesja";5104
"Olesya";5105
"Oletta";5106
"Olette";5107
"Olevina";5108
"Olevine";5109
"Olfrid";5110
"Olfrida";5111
"Olfryd";5112
"Olga";5113
"Ølgård";5114
"Olgina";5115
"Olgine";5116
"Olgun";5117
"Oli";5118
"Øli";5119
"Olia";5120
"Oliana";5121
"Oliane";5122
"Olianea";5123
"Oliania";5124
"Olianna";5125
"Olianne";5126
"Olida";5127
"Olie";5128
"Oli";5129
"Olina";5130
"Olinda";5131
"Oline";5132
"Olin";5133
"Olise";5134
"Oliv";5135
"Oliva";5136
"Olive";5137
"Olivera";5138
"Olivia";5139
"Olivie";5140
"Oliwia";5141
"Olja";5142
"Olkje";5143
"Olla";5144
"Ølla";5145
"Ollaug";5146
"Ollbjørg";5147
"Øllegaard";5148
"Øllegård";5149
"Olli";5150
"Olly";5151
"Olny";5152
"Olo";5153
"Oløf";5154
"Olog";5155
"Olou";5156
"Oloug";5157
"Olov";5158
"Oløv";5159
"Olru";5160
"Olsine";5161
"Oltine";5162
"Olu";5163
"Olufa";5164
"Oluffa";5165
"Oluffina";5166
"Oluffine";5167
"Olufina";5168
"Olufine";5169
"Olvara";5170
"Olvarda";5171
"Olveig";5172
"Olvina";5173
"Olvine";5174
"Olydia";5175
"Olymphia";5176
"Olympia";5177
"Ømbjørg";5178
"Omina";5179
"Omine";5180
"Ommine";5181
"Ommunda";5182
"Omunda";5183
"Ona";5184
"Onanda";5185
"Onna";5186
"Onne";5187
"Onora";5188
"Onore";5189
"Oona";5190
"Ophelia";5191
"Ordina";5192
"Ordine";5193
"Ørgine";5194
"Orgun";5195
"Orla";5196
"Orlanda";5197
"Orlaug";5198
"Orlov";5199
"Ormfrid";5200
"Ormhild";5201
"Orsa";5202
"Ory";5203
"Osa";5204
"Oscara";5205
"Oscarda";5206
"Oscarine";5207
"Oselia";5208
"Oselie";5209
"Oselio";5210
"Osilie";5211
"Osine";5212
"Oskara";5213
"Oskarda";5214
"Oskarinde";5215
"Oskarine";5216
"Oslaug";5217
"Osmina";5218
"Osmine";5219
"Østine";5220
"Osvalda";5221
"Osvalde";5222
"Otara";5223
"Otborg";5224
"Otea";5225
"Otelia";5226
"Otelie";5227
"Otellia";5228
"Othea";5229
"Othelia";5230
"Othelie";5231
"Othild";5232
"Othilde";5233
"Othilia";5234
"Othilie";5235
"Othilja";5236
"Othilje";5237
"Othina";5238
"Othine";5239
"Otila";5240
"Otilde";5241
"Otilia";5242
"Otilie";5243
"Otilja";5244
"Otilje";5245
"Otina";5246
"Otine";5247
"Otlau";5248
"Otlo";5249
"Otlu";5250
"Otta";5251
"Ottara";5252
"Ottea";5253
"Ottelie";5254
"Ottil";5255
"Ottilia";5256
"Ottilie";5257
"Ottilje";5258
"Ottina";5259
"Ottine";5260
"Ottoine";5261
"Ottolina";5262
"Ottoline";5263
"Ottomine";5264
"Ououg";5265
"Ova";5266
"Ovalda";5267
"Ovalde";5268
"Ovanda";5269
"Ovarda";5270
"Ovedia";5271
"Ovedie";5272
"Ovene";5273
"Ovet";5274
"Øvet";5275
"Ovida";5276
"Ovide";5277
"Ovidia";5278
"Ovidie";5279
"Øya";5280
"Øybjørg";5281
"Øybrand";5282
"Øydis";5283
"Øye";5284
"Øyfrid";5285
"Øygu";5286
"Øygun";5287
"Øylaug";5288
"Øyo";5289
"Øyon";5290
"Øyru";5291
"Øyun";5292
"Øyvår";5293
"Øyvine";5294
"Øyvor";5295
"Pæivi";5296
"Paige";5297
"Palina";5298
"Pålina";5299
"Palma";5300
"Palmina";5301
"Palmine";5302
"Palmira";5303
"Paloma";5304
"Paluda";5305
"Pam";5306
"Pamela";5307
"Pamella";5308
"Pa";5309
"Pandora";5310
"Paola";5311
"Pardis";5312
"Parelia";5313
"Paris";5314
"Pascale";5315
"Pat";5316
"Patience";5317
"Patrica";5318
"Patrice";5319
"Patricia";5320
"Patrizia";5321
"Patsy";5322
"Paula";5323
"Paule";5324
"Paulette";5325
"Paulfrid";5326
"Pauli";5327
"Paulie";5328
"Pauliina";5329
"Pauli";5330
"Paulina";5331
"Pauline";5332
"Paulogna";5333
"Paulovna";5334
"Paulowna";5335
"Pauluda";5336
"Pauly";5337
"Pavla";5338
"Pearl";5339
"Pearly";5340
"Pedrikke";5341
"Peggy";5342
"Pelagia";5343
"Penelle";5344
"Penelope";5345
"Penetta";5346
"Penette";5347
"Penny";5348
"Peolive";5349
"Pepa";5350
"Pepita";5351
"Perda";5352
"Perdi";5353
"Perdis";5354
"Perdy";5355
"Pergot";5356
"Pergun";5357
"Perine";5358
"Perla";5359
"Perlaug";5360
"Perle";5361
"Perline";5362
"Perly";5363
"Pernela";5364
"Pernella";5365
"Pernelle";5366
"Pernhild";5367
"Pernhilda";5368
"Pernhilde";5369
"Pernilla";5370
"Pernille";5371
"Perny";5372
"Perolina";5373
"Peroline";5374
"Perpetua";5375
"Peternella";5376
"Peternilla";5377
"Peternille";5378
"Petra";5379
"Petrea";5380
"Petri";5381
"Petrika";5382
"Petrike";5383
"Petrikka";5384
"Petrikke";5385
"Petri";5386
"Petrina";5387
"Petrine";5388
"Petro";5389
"Petronella";5390
"Petronelle";5391
"Petronille";5392
"Petry";5393
"Petterine";5394
"Petterke";5395
"Petternella";5396
"Petternelle";5397
"Petternilla";5398
"Petternille";5399
"Petty";5400
"Philippa";5401
"Phillipa";5402
"Philomena";5403
"Philomene";5404
"Philomina";5405
"Philomine";5406
"Phoebe";5407
"Phyllis";5408
"Pia";5409
"Pie";5410
"Pierrette";5411
"Pilar";5412
"Pille";5413
"Pippi";5414
"Pirjo";5415
"Pirkko";5416
"Piroska";5417
"Pitrina";5418
"Pitrine";5419
"Plonia";5420
"Pola";5421
"Polina";5422
"Polla";5423
"Polly";5424
"Poula";5425
"Pouline";5426
"Princess";5427
"Prisca";5428
"Priscila";5429
"Priscilla";5430
"Priska";5431
"Priskilla";5432
"Priya";5433
"Rabea";5434
"Rachel";5435
"Rada";5436
"Rådgjerd";5437
"Rådgjerda";5438
"Rådgrid";5439
"Rådny";5440
"Rådveig";5441
"Rae";5442
"Rænnei";5443
"Rafaela";5444
"Raghild";5445
"Ragla";5446
"Ragna";5447
"Ragnborg";5448
"Ragndi";5449
"Ragndid";5450
"Ragne";5451
"Ragnfrid";5452
"Ragnheid";5453
"Ragnhil";5454
"Ragnhild";5455
"Ragnhilda";5456
"Ragnhilde";5457
"Ragnhildur";5458
"Ragnhill";5459
"Ragni";5460
"Ragnil";5461
"Ragnild";5462
"Ragnvalda";5463
"Ragnvalde";5464
"Ragnvaldina";5465
"Ragnvaldine";5466
"Ragnvarda";5467
"Ragnveig";5468
"Ragnvor";5469
"Ragny";5470
"Rahab";5471
"Rahel";5472
"Raija";5473
"Raila";5474
"Raili";5475
"Raina";5476
"Raine";5477
"Raisa";5478
"Raissa";5479
"Raja";5480
"Rajka";5481
"Rajna";5482
"Rakel";5483
"Ralda";5484
"Ramborg";5485
"Ramfri";5486
"Ramfrid";5487
"Ramona";5488
"Rana";5489
"Randa";5490
"Randgrid";5491
"Randi";5492
"Randig";5493
"Randina";5494
"Randine";5495
"Randora";5496
"Randveg";5497
"Randveig";5498
"Randy";5499
"Ranfrid";5500
"Rangdi";5501
"Rangdine";5502
"Rangfrid";5503
"Ranghild";5504
"Ranghilde";5505
"Rangvei";5506
"Ranheid";5507
"Rania";5508
"Ranita";5509
"Ranja";5510
"Ranka";5511
"Ranlaug";5512
"Rannaug";5513
"Rannei";5514
"Rannfrid";5515
"Rannheid";5516
"Ranni";5517
"Rannlaug";5518
"Rannveg";5519
"Rannvei";5520
"Rannveig";5521
"Ranrid";5522
"Ranvei";5523
"Ranveig";5524
"Ranvej";5525
"Ranya";5526
"Raphaela";5527
"Raquel";5528
"Rasemina";5529
"Rasemine";5530
"Rasina";5531
"Rasine";5532
"Rasmina";5533
"Rasmine";5534
"Rassemina";5535
"Rassemine";5536
"Rassmina";5537
"Rassmine";5538
"Raugla";5539
"Rauha";5540
"Ravdna";5541
"Ravna";5542
"Ravnhild";5543
"Raya";5544
"Rea";5545
"Rebeca";5546
"Rebecca";5547
"Rebecha";5548
"Rebecka";5549
"Rebeka";5550
"Rebekah";5551
"Rebekka";5552
"Reena";5553
"Reet";5554
"Regi";5555
"Regi";5556
"Regina";5557
"Regine";5558
"Regise";5559
"Regitse";5560
"Regitze";5561
"Regnora";5562
"Reida";5563
"Reidhild";5564
"Reidi";5565
"Reidu";5566
"Reidun";5567
"Reija";5568
"Reike";5569
"Reina";5570
"Reine";5571
"Reka";5572
"Rekka";5573
"Rekke";5574
"Remina";5575
"Remine";5576
"Rena";5577
"Renata";5578
"Renate";5579
"Renathe";5580
"Rendse";5581
"Rene";5582
"Renee";5583
"Renée";5584
"Renei";5585
"Renej";5586
"Reney";5587
"Renhild";5588
"Reni";5589
"Renie";5590
"Renita";5591
"Rennei";5592
"Rennej";5593
"Renney";5594
"Rense";5595
"Rentse";5596
"Rentze";5597
"Reny";5598
"Renze";5599
"Renzia";5600
"Rhea";5601
"Rhoda";5602
"Ria";5603
"Riana";5604
"Rianna";5605
"Rianne";5606
"Riborg";5607
"Ricarda";5608
"Richarda";5609
"Richardine";5610
"Ricke";5611
"Rie";5612
"Rigine";5613
"Rigmor";5614
"Riikka";5615
"Riina";5616
"Riitta";5617
"Rikarda";5618
"Rikardine";5619
"Rikborg";5620
"Rikharda";5621
"Rikhardine";5622
"Rikka";5623
"Rikke";5624
"Rikke";5625
"Rilda";5626
"Rina";5627
"Rind";5628
"Rinda";5629
"Rine";5630
"Rino";5631
"Risa";5632
"Rise";5633
"Riste";5634
"Risti";5635
"Rita";5636
"Ritha";5637
"Ritt";5638
"Ritta";5639
"Ritu";5640
"Ritva";5641
"Roberta";5642
"Roberte";5643
"Robertha";5644
"Roberthe";5645
"Roberthine";5646
"Robertine";5647
"Roberttine";5648
"Robi";5649
"Robina";5650
"Roby";5651
"Roda";5652
"Rode";5653
"Rodgjerd";5654
"Rodny";5655
"Rogerd";5656
"Roksana";5657
"Rola";5658
"Rollaug";5659
"Rolly";5660
"Roma";5661
"Romana";5662
"Romi";5663
"Romina";5664
"Romy";5665
"Rona";5666
"Rønaug";5667
"Ronia";5668
"Ronja";5669
"Rønnaug";5670
"Ronny";5671
"Ronya";5672
"Ros";5673
"Rosa";5674
"Rosabella";5675
"Rosalia";5676
"Rosalida";5677
"Rosalie";5678
"Rosali";5679
"Rosalina";5680
"Rosalind";5681
"Rosalinda";5682
"Rosalinde";5683
"Rosaline";5684
"Rosalin";5685
"Rosalita";5686
"Rosaly";5687
"Rosamunda";5688
"Rosamunde";5689
"Rosan";5690
"Rosanna";5691
"Rosanne";5692
"Rosaura";5693
"Rose";5694
"Rosel";5695
"Roseli";5696
"Roselind";5697
"Roseline";5698
"Roselin";5699
"Rosely";5700
"Rosemari";5701
"Rosemarie";5702
"Rosemary";5703
"Rosemund";5704
"Rosetta";5705
"Rosette";5706
"Roshild";5707
"Rosi";5708
"Rosie";5709
"Rosina";5710
"Rosine";5711
"Rosita";5712
"Roskva";5713
"Røskva";5714
"Rosly";5715
"Rosmari";5716
"Rosmarie";5717
"Rosmary";5718
"Rosmunde";5719
"Roswitha";5720
"Rosy";5721
"Rovena";5722
"Rowena";5723
"Roxana";5724
"Roxanna";5725
"Roxanne";5726
"Roya";5727
"Røya";5728
"Røye";5729
"Roz";5730
"Roza";5731
"Rozalia";5732
"Rozali";5733
"Rubertine";5734
"Rubi";5735
"Rubi";5736
"Rubina";5737
"Rubine";5738
"Ruby";5739
"Rude";5740
"Rudi";5741
"Rudina";5742
"Rudine";5743
"Rudy";5744
"Rufina";5745
"Runa";5746
"Runbjørg";5747
"Runhild";5748
"Runi";5749
"Runill";5750
"Rut";5751
"Ruta";5752
"Rute";5753
"Ruth";5754
"Rutt";5755
"Rutta";5756
"Saara";5757
"Sabina";5758
"Sabine";5759
"Sabri";5760
"Sabrina";5761
"Sabrine";5762
"Sacha";5763
"Sade";5764
"Sadie";5765
"Sæbjørg";5766
"Sædis";5767
"Sæun";5768
"Safina";5769
"Safira";5770
"Saga";5771
"Såga";5772
"Sahra";5773
"Saia";5774
"Saida";5775
"Saide";5776
"Saija";5777
"Saima";5778
"Saime";5779
"Saina";5780
"Saja";5781
"Sakarine";5782
"Sakina";5783
"Sakine";5784
"Sakkarine";5785
"Sakrine";5786
"Salemine";5787
"Salgjerd";5788
"Salina";5789
"Salla";5790
"Sally";5791
"Salma";5792
"Salme";5793
"Salmei";5794
"Salmina";5795
"Salmine";5796
"Salmøy";5797
"Salome";5798
"Salvine";5799
"Sam";5800
"Samanta";5801
"Samantha";5802
"Samara";5803
"Sameera";5804
"Sameerah";5805
"Sameline";5806
"Samina";5807
"Samine";5808
"Samira";5809
"Samirah";5810
"Samueline";5811
"Samuline";5812
"Sana";5813
"Sanah";5814
"Sanda";5815
"Sandi";5816
"Sandie";5817
"Sandora";5818
"Sandra";5819
"Sandrina";5820
"Sandrine";5821
"Sandy";5822
"Sanela";5823
"Sani";5824
"Sania";5825
"Sanita";5826
"Sanja";5827
"Sanna";5828
"Sannah";5829
"Sanne";5830
"Sanni";5831
"Sanny";5832
"Santa";5833
"Santina";5834
"Sanya";5835
"Sara";5836
"Sarah";5837
"Sarai";5838
"Sari";5839
"Saria";5840
"Sarika";5841
"Sarina";5842
"Sarine";5843
"Sarita";5844
"Saritha";5845
"Sarka";5846
"Sarke";5847
"Sarlotte";5848
"Sarra";5849
"Sasa";5850
"Sascha";5851
"Sasha";5852
"Saskia";5853
"Savana";5854
"Savanna";5855
"Savannah";5856
"Såve";5857
"Savina";5858
"Scarlet";5859
"Scarlett";5860
"Sebilla";5861
"Sebina";5862
"Sebine";5863
"Sebjør";5864
"Sebjørg";5865
"Sebor";5866
"Sebør";5867
"Seborg";5868
"Secelie";5869
"Secilia";5870
"Secilie";5871
"Sedena";5872
"Sedina";5873
"Sedine";5874
"Sedolfine";5875
"Sefanja";5876
"Seija";5877
"Sekina";5878
"Sekine";5879
"Sela";5880
"Selda";5881
"Selena";5882
"Selene";5883
"Selia";5884
"Seli";5885
"Selina";5886
"Seline";5887
"Selja";5888
"Sella";5889
"Selle";5890
"Selma";5891
"Selmina";5892
"Selmine";5893
"Sema";5894
"Semina";5895
"Semine";5896
"Semiramis";5897
"Sena";5898
"Senija";5899
"Senita";5900
"Senja";5901
"Senna";5902
"Senora";5903
"Senore";5904
"Sepora";5905
"Sera";5906
"Serafia";5907
"Serafina";5908
"Sere";5909
"Serena";5910
"Serene";5911
"Serenne";5912
"Seri";5913
"Serianna";5914
"Serianne";5915
"Seri";5916
"Serina";5917
"Serine";5918
"Seselia";5919
"Seselie";5920
"Sesilia";5921
"Sesilie";5922
"Sessel";5923
"Sesselja";5924
"Sessell";5925
"Sevalda";5926
"Severa";5927
"Severina";5928
"Severine";5929
"Sevrina";5930
"Sevrine";5931
"Shane";5932
"Shania";5933
"Shanno";5934
"Shari";5935
"Sharo";5936
"Sharro";5937
"Shary";5938
"Sheena";5939
"Sheila";5940
"Shila";5941
"Shirley";5942
"Sia";5943
"Sia";5944
"Sibel";5945
"Sibille";5946
"Sibor";5947
"Sibyl";5948
"Sibylla";5949
"Sibylle";5950
"Sicilia";5951
"Sicilie";5952
"Sicka";5953
"Sidney";5954
"Sidny";5955
"Sidonia";5956
"Sidsel";5957
"Siegfried";5958
"Sieglinde";5959
"Siena";5960
"Sienna";5961
"Sif";5962
"Sigbjørg";5963
"Sigborg";5964
"Sigbrit";5965
"Sigbritt";5966
"Sigdis";5967
"Sigfrid";5968
"Sigfrida";5969
"Sigfride";5970
"Sigfried";5971
"Sigfryd";5972
"Sigfryda";5973
"Sigga";5974
"Sigge";5975
"Siglinde";5976
"Sigmunda";5977
"Signa";5978
"Signe";5979
"Signelill";5980
"Signhild";5981
"Signhill";5982
"Signi";5983
"Signild";5984
"Signora";5985
"Signy";5986
"Sigri";5987
"Sigrid";5988
"Sigru";5989
"Sigrund";5990
"Sigrun";5991
"Sigtona";5992
"Sigtrud";5993
"Sigun";5994
"Sigurda";5995
"Sigvalda";5996
"Sigvarda";5997
"Sigveig";5998
"Sigvor";5999
"Sigy";6000
"Siiri";6001
"Sikke";6002
"Sila";6003
"Silia";6004
"Silja";6005
"Silje";6006
"Silke";6007
"Silla";6008
"Sille";6009
"Silva";6010
"Silvana";6011
"Silvi";6012
"Silvia";6013
"Sima";6014
"Simma";6015
"Simona";6016
"Simone";6017
"Simonetta";6018
"Simonette";6019
"Simonie";6020
"Simonine";6021
"Sina";6022
"Sindy";6023
"Sine";6024
"Sini";6025
"Sinikka";6026
"Sipora";6027
"Sippora";6028
"Sira";6029
"Sire";6030
"Sirene";6031
"Sirenne";6032
"Siri";6033
"Siriana";6034
"Sirian";6035
"Sirianna";6036
"Sirianne";6037
"Sirie";6038
"Sirikit";6039
"Siril";6040
"Sirild";6041
"Sirill";6042
"Siri";6043
"Sirina";6044
"Sirine";6045
"Sirinne";6046
"Sirje";6047
"Sirkka";6048
"Sirpa";6049
"Sisilia";6050
"Sisilie";6051
"Sisko";6052
"Siss";6053
"Sisse";6054
"Sissel";6055
"Sissi";6056
"Sissil";6057
"Sissilie";6058
"Sissy";6059
"Sita";6060
"Sitara";6061
"Sitha";6062
"Sitona";6063
"Sittona";6064
"Siv";6065
"Siw";6066
"Sjarlotte";6067
"Sjasmi";6068
"Sjovor";6069
"Skade";6070
"Skjaldvor";6071
"Skjaldvør";6072
"Skjalvor";6073
"Skjolddis";6074
"Skjoldfrid";6075
"Skjoldis";6076
"Skjoldvor";6077
"Skuldfrid";6078
"Skulfrid";6079
"Sky";6080
"Skye";6081
"Smilla";6082
"Snefrid";6083
"Snefryd";6084
"Snøfrid";6085
"Soffi";6086
"Soffia";6087
"Soffie";6088
"Sofi";6089
"Sofia";6090
"Sofie";6091
"Sofija";6092
"Sofina";6093
"Sofine";6094
"Sofja";6095
"Søgnhild";6096
"Søgnhilde";6097
"Søgni";6098
"Søgnilde";6099
"Sol";6100
"Solaug";6101
"Solbjørg";6102
"Solborg";6103
"Solbrit";6104
"Solbritt";6105
"Soldis";6106
"Soley";6107
"Solfrid";6108
"Solfried";6109
"Solfryd";6110
"Sølga";6111
"Solgerd";6112
"Solgull";6113
"Solgu";6114
"Solgun";6115
"Solhild";6116
"Soli";6117
"Solina";6118
"Soline";6119
"Solla";6120
"Sollaug";6121
"Sollor";6122
"Solmøy";6123
"Solo";6124
"Solou";6125
"Soloug";6126
"Solru";6127
"Solrund";6128
"Solrun";6129
"Solun";6130
"Solva";6131
"Sølva";6132
"Solvaar";6133
"Solvår";6134
"Sølve";6135
"Solveg";6136
"Solvei";6137
"Sølvei";6138
"Solveig";6139
"Solvej";6140
"Solvejg";6141
"Solvi";6142
"Sølvi";6143
"Sølvia";6144
"Sølvie";6145
"Solvor";6146
"Sølvy";6147
"Sona";6148
"Sondra";6149
"Sonia";6150
"Sonja";6151
"Sønnev";6152
"Sønneva";6153
"Sønneve";6154
"Sonni";6155
"Sonnie";6156
"Sønnøv";6157
"Sønnøve";6158
"Sonny";6159
"Sønøve";6160
"Sonya";6161
"Sophi";6162
"Sophia";6163
"Sophie";6164
"Soraya";6165
"Soria";6166
"Sørine";6167
"Sosse";6168
"Søster";6169
"Søvei";6170
"Søverina";6171
"Søverine";6172
"Søvrina";6173
"Søvrine";6174
"Søwerina";6175
"Søwerine";6176
"Stacey";6177
"Stacy";6178
"Stanislava";6179
"Stanislawa";6180
"Statine";6181
"Stefana";6182
"Stefani";6183
"Stefania";6184
"Stefanie";6185
"Steffani";6186
"Steffanie";6187
"Steffi";6188
"Stefi";6189
"Stefina";6190
"Stefine";6191
"Steinbjørg";6192
"Steinfrid";6193
"Steingjerd";6194
"Steinhild";6195
"Steinny";6196
"Steinor";6197
"Steinun";6198
"Steinvild";6199
"Steinvor";6200
"Steivor";6201
"Stella";6202
"Stenetta";6203
"Stenette";6204
"Stenfrid";6205
"Stense";6206
"Stephanie";6207
"Stéphanie";6208
"Steveline";6209
"Sti";6210
"Stina";6211
"Stine";6212
"Stinke";6213
"Stinke";6214
"Stoffa";6215
"Storma";6216
"Strømmine";6217
"Su";6218
"Sue";6219
"Sulo";6220
"Sulu";6221
"Summer";6222
"Suna";6223
"Sunita";6224
"Suniva";6225
"Sunna";6226
"Sunneva";6227
"Sunni";6228
"Sunnifa";6229
"Sunniva";6230
"Sunnøve";6231
"Sunny";6232
"Susa";6233
"Susana";6234
"Susane";6235
"Susan";6236
"Susanna";6237
"Susannah";6238
"Susanne";6239
"Susette";6240
"Susie";6241
"Sussa";6242
"Sussana";6243
"Sussane";6244
"Sussanna";6245
"Sussanne";6246
"Sussi";6247
"Sussie";6248
"Susy";6249
"Suvi";6250
"Suza";6251
"Suzana";6252
"Suzane";6253
"Suzan";6254
"Suzanna";6255
"Suzannah";6256
"Suzanne";6257
"Suzette";6258
"Suzi";6259
"Suzie";6260
"Suzy";6261
"Svala";6262
"Svalaug";6263
"Svålaug";6264
"Svale";6265
"Svallaug";6266
"Svana";6267
"Svanaug";6268
"Svånaug";6269
"Svanbjørg";6270
"Svanborg";6271
"Svandis";6272
"Svane";6273
"Svanfrid";6274
"Svanhild";6275
"Svanhilde";6276
"Svanlaug";6277
"Svanru";6278
"Svava";6279
"Svea";6280
"Sveinhild";6281
"Svenda";6282
"Svenine";6283
"Svenja";6284
"Svenny";6285
"Sverry";6286
"Sybil";6287
"Sybilla";6288
"Sybille";6289
"Sybylle";6290
"Sydney";6291
"Sygnelda";6292
"Sygni";6293
"Sygnilde";6294
"Sylke";6295
"Sylva";6296
"Sylvana";6297
"Sylvanda";6298
"Sylvei";6299
"Sylveig";6300
"Sylveli";6301
"Sylvesta";6302
"Sylvette";6303
"Sylvi";6304
"Sylvia";6305
"Sylvia";6306
"Sylvian";6307
"Sylvie";6308
"Sylwia";6309
"Symra";6310
"Symre";6311
"Syneva";6312
"Synna";6313
"Synne";6314
"Synnev";6315
"Synneva";6316
"Synneve";6317
"Synni";6318
"Synniva";6319
"Synnøv";6320
"Synnøva";6321
"Synnøve";6322
"Synøva";6323
"Synøve";6324
"Synthia";6325
"Synva";6326
"Synve";6327
"Syrene";6328
"Syrine";6329
"Syverine";6330
"Tabea";6331
"Tabita";6332
"Tabitha";6333
"Tabitta";6334
"Tahla";6335
"Taina";6336
"Tala";6337
"Tale";6338
"Tåle";6339
"Talene";6340
"Taletta";6341
"Talette";6342
"Talia";6343
"Talina";6344
"Taline";6345
"Tåline";6346
"Talita";6347
"Talitha";6348
"Talke";6349
"Tallaug";6350
"Tallulah";6351
"Tally";6352
"Tamar";6353
"Tamara";6354
"Tamina";6355
"Tamine";6356
"Tana";6357
"Tania";6358
"Tanita";6359
"Tanja";6360
"Tanya";6361
"Tara";6362
"Taraldine";6363
"Taralina";6364
"Taraline";6365
"Tarallina";6366
"Taralline";6367
"Tara";6368
"Tåra";6369
"Tårå";6370
"Tarand";6371
"Tåre";6372
"Targerd";6373
"Targjerd";6374
"Tarina";6375
"Tarja";6376
"Tarjerd";6377
"Taroline";6378
"Tatiana";6379
"Tatjana";6380
"Tatyana";6381
"Tauno";6382
"Tåve";6383
"Taylor";6384
"Tea";6385
"Teddy";6386
"Tedora";6387
"Tedore";6388
"Teija";6389
"Tekkla";6390
"Tekla";6391
"Televine";6392
"Teline";6393
"Telise";6394
"Tella";6395
"Tellevina";6396
"Tellevine";6397
"Telli";6398
"Telly";6399
"Telma";6400
"Tenna";6401
"Teoanna";6402
"Teodine";6403
"Teodora";6404
"Teodore";6405
"Teoline";6406
"Teresa";6407
"Terese";6408
"Teresia";6409
"Teresie";6410
"Teresita";6411
"Teresse";6412
"Terez";6413
"Tereza";6414
"Tereze";6415
"Terezia";6416
"Tergjerd";6417
"Terri";6418
"Terry";6419
"Terttu";6420
"Tess";6421
"Tessa";6422
"Tessie";6423
"Tevanna";6424
"Thala";6425
"Thale";6426
"Thalette";6427
"Thalia";6428
"Thalie";6429
"Thalina";6430
"Thaline";6431
"Thalke";6432
"Thamar";6433
"Thana";6434
"Thanita";6435
"Thara";6436
"Tharaldine";6437
"Tharalina";6438
"Tharaline";6439
"Tharoline";6440
"Thea";6441
"Thedora";6442
"Thedore";6443
"Thekla";6444
"Thelevine";6445
"Thelise";6446
"Thella";6447
"Thelma";6448
"Theodine";6449
"Theodora";6450
"Theoline";6451
"Thera";6452
"Therece";6453
"Theresa";6454
"Therese";6455
"Theresia";6456
"Theresie";6457
"Theresse";6458
"Thereza";6459
"Thia";6460
"Thilda";6461
"Thilde";6462
"Thilla";6463
"Thi";6464
"Thina";6465
"Thine";6466
"Thiril";6467
"Thit";6468
"Tholine";6469
"Thoma";6470
"Thomally";6471
"Thomasine";6472
"Thomine";6473
"Thone";6474
"Thonny";6475
"Thora";6476
"Thorbjørg";6477
"Thorborg";6478
"Thorborga";6479
"Thordina";6480
"Thordine";6481
"Thordis";6482
"Thordny";6483
"Thore";6484
"Thorfrid";6485
"Thorgerd";6486
"Thorghild";6487
"Thorgine";6488
"Thorgu";6489
"Thorgund";6490
"Thorgun";6491
"Thorhild";6492
"Thorhill";6493
"Thori";6494
"Thoril";6495
"Thorild";6496
"Thorill";6497
"Thorine";6498
"Thorlaug";6499
"Thorny";6500
"Thoru";6501
"Thorund";6502
"Thorun";6503
"Thorvalda";6504
"Thorvalde";6505
"Thorveig";6506
"Thova";6507
"Thove";6508
"Thrine";6509
"Thrude";6510
"Thua";6511
"Thuri";6512
"Thurid";6513
"Thuva";6514
"Thyra";6515
"Tia";6516
"Tiana";6517
"Tiane";6518
"Tiara";6519
"Tiffany";6520
"Tiina";6521
"Tila";6522
"Tilda";6523
"Tilde";6524
"Tilia";6525
"Tilie";6526
"Tilja";6527
"Tilje";6528
"Tilla";6529
"Tille";6530
"Tilly";6531
"Ti";6532
"Tina";6533
"Tindra";6534
"Tine";6535
"Tineke";6536
"Tini";6537
"Tinka";6538
"Tinna";6539
"Tinne";6540
"Tiri";6541
"Tiril";6542
"Tirild";6543
"Tirill";6544
"Tirza";6545
"Tita";6546
"Titti";6547
"Tjodbjørg";6548
"Tjodgjerd";6549
"Tjodhild";6550
"Tjodun";6551
"Tjodvor";6552
"Tjø";6553
"Tjøn";6554
"Tobia";6555
"Tobie";6556
"Tobine";6557
"Todne";6558
"Todni";6559
"Toini";6560
"Toiny";6561
"Tolene";6562
"Toline";6563
"Tollaug";6564
"Tollene";6565
"Tolline";6566
"Tolvine";6567
"Toma";6568
"Tomally";6569
"Tomana";6570
"Tomasine";6571
"Tomina";6572
"Tomine";6573
"Tommine";6574
"Tona";6575
"Tone";6576
"Tonelise";6577
"Tonetta";6578
"Tonette";6579
"Tonhild";6580
"Toni";6581
"Tonia";6582
"Tonie";6583
"Tonja";6584
"Tonje";6585
"Tonni";6586
"Tønni";6587
"Tonnie";6588
"Tonny";6589
"Tony";6590
"Tonya";6591
"Tora";6592
"Tora";6593
"Torå";6594
"Tøra";6595
"Torarna";6596
"Torber";6597
"Tørber";6598
"Torbiør";6599
"Torbiørg";6600
"Torbjør";6601
"Torbjørg";6602
"Torbor";6603
"Torborg";6604
"Torborga";6605
"Tordina";6606
"Tordine";6607
"Tordis";6608
"Tordly";6609
"Tordny";6610
"Tordy";6611
"Tore";6612
"Torelv";6613
"Tøre";6614
"Torfrid";6615
"Torfryd";6616
"Torgerd";6617
"Torghild";6618
"Torgina";6619
"Torgine";6620
"Torgjerd";6621
"Torgny";6622
"Torgu";6623
"Torgund";6624
"Torgun";6625
"Torgunna";6626
"Torhalla";6627
"Torheid";6628
"Torhil";6629
"Torhild";6630
"Torhilda";6631
"Torhill";6632
"Tori";6633
"Tøri";6634
"Torid";6635
"Toril";6636
"Torild";6637
"Torilde";6638
"Torill";6639
"Tori";6640
"Torina";6641
"Torine";6642
"Tørine";6643
"Torin";6644
"Torkatla";6645
"Tørla";6646
"Torlaug";6647
"Torleiv";6648
"Torlov";6649
"Torly";6650
"Tornelle";6651
"Torni";6652
"Tornilde";6653
"Torny";6654
"Torø";6655
"Torøy";6656
"Torrid";6657
"Torstina";6658
"Torstine";6659
"Toru";6660
"Torund";6661
"Torun";6662
"Torvalda";6663
"Torvalde";6664
"Torvei";6665
"Torveig";6666
"Torvor";6667
"Tova";6668
"Tove";6669
"Towe";6670
"Toya";6671
"Toyni";6672
"Tracey";6673
"Tracy";6674
"Traslaug";6675
"Tretine";6676
"Trettine";6677
"Tricia";6678
"Trina";6679
"Trine";6680
"Trinelise";6681
"Trinke";6682
"Trinke";6683
"Trisha";6684
"Trixie";6685
"Tronda";6686
"Trone";6687
"Trud";6688
"Trude";6689
"Trudi";6690
"Trudy";6691
"Trulte";6692
"Tua";6693
"Tuija";6694
"Tula";6695
"Tulla";6696
"Tullik";6697
"Turhild";6698
"Turi";6699
"Turid";6700
"Turil";6701
"Turilde";6702
"Turill";6703
"Turine";6704
"Turith";6705
"Tutta";6706
"Tutti";6707
"Tuula";6708
"Tuva";6709
"Tuve";6710
"Tya";6711
"Tykone";6712
"Tyra";6713
"Tyri";6714
"Ubjørg";6715
"Udbjørg";6716
"Udna";6717
"Udve";6718
"Uhna";6719
"Uldine";6720
"Ulla";6721
"Ullrikke";6722
"Ulrica";6723
"Ulrika";6724
"Ulrike";6725
"Ulrikka";6726
"Ulrikke";6727
"Ulva";6728
"Ulvarna";6729
"Ulvheid";6730
"Ulvhild";6731
"Ulvhilda";6732
"Ulvru";6733
"Uma";6734
"U";6735
"Una";6736
"Undi";6737
"Undina";6738
"Undine";6739
"Undis";6740
"Une";6741
"Uni";6742
"Un";6743
"Unna";6744
"Unndis";6745
"Unnfrid";6746
"Unnhild";6747
"Unni";6748
"Unnie";6749
"Unnlaug";6750
"Unnveig";6751
"Unny";6752
"Urd";6753
"Urda";6754
"Ursille";6755
"Ursine";6756
"Ursula";6757
"Ursulla";6758
"Uta";6759
"Ute";6760
"Uvild";6761
"Vaar";6762
"Vaari";6763
"Vaila";6764
"Vailet";6765
"Vaino";6766
"Vala";6767
"Valbjørg";6768
"Valbor";6769
"Valborg";6770
"Valda";6771
"Valdina";6772
"Valdine";6773
"Valdis";6774
"Valentina";6775
"Valentine";6776
"Valeria";6777
"Valerie";6778
"Valeska";6779
"Valfrid";6780
"Valgærd";6781
"Valger";6782
"Valgerd";6783
"Valgier";6784
"Valgjær";6785
"Valgjer";6786
"Valgjerd";6787
"Valjær";6788
"Valjer";6789
"Valjerd";6790
"Vallborg";6791
"Vally";6792
"Valme";6793
"Valmøy";6794
"Valny";6795
"Valtraud";6796
"Va";6797
"Vana";6798
"Vanda";6799
"Vanesa";6800
"Vanessa";6801
"Vania";6802
"Vanja";6803
"Vanya";6804
"Vappu";6805
"Vår";6806
"Varda";6807
"Vårhild";6808
"Våril";6809
"Vårild";6810
"Vårill";6811
"Våri";6812
"Vårin";6813
"Varna";6814
"Vårun";6815
"Varvara";6816
"Vasti";6817
"Vebjørg";6818
"Vedis";6819
"Vefrid";6820
"Vega";6821
"Vegjerd";6822
"Vehild";6823
"Velaug";6824
"Veledine";6825
"Velena";6826
"Velene";6827
"Velgjerd";6828
"Velina";6829
"Veline";6830
"Vellina";6831
"Velline";6832
"Vellumine";6833
"Velma";6834
"Venche";6835
"Vencke";6836
"Vendel";6837
"Vendela";6838
"Vendeli";6839
"Vendil";6840
"Vendla";6841
"Vendy";6842
"Venera";6843
"Venessa";6844
"Vengel";6845
"Venhild";6846
"Venil";6847
"Venild";6848
"Venill";6849
"Venja";6850
"Venke";6851
"Venla";6852
"Venny";6853
"Venus";6854
"Veny";6855
"Vera";6856
"Verena";6857
"Verene";6858
"Verina";6859
"Verna";6860
"Verona";6861
"Veronica";6862
"Veronicha";6863
"Veronicka";6864
"Veronika";6865
"Veronique";6866
"Vesla";6867
"Veslemøy";6868
"Vesta";6869
"Via";6870
"Vibe";6871
"Vibece";6872
"Vibeche";6873
"Vibecke";6874
"Vibeke";6875
"Vibekke";6876
"Viborg";6877
"Vicki";6878
"Vickie";6879
"Vicktoria";6880
"Vicky";6881
"Victoria";6882
"Vida";6883
"Vide";6884
"Vidia";6885
"Vidie";6886
"Vidru";6887
"Vidu";6888
"Vidun";6889
"Viel";6890
"Vigbjørg";6891
"Vigdis";6892
"Vigfrid";6893
"Vighild";6894
"Vigliv";6895
"Vigny";6896
"Vigru";6897
"Vigun";6898
"Viil";6899
"Vika";6900
"Vikki";6901
"Viktoria";6902
"Viktorie";6903
"Vilbjørg";6904
"Vilborg";6905
"Vilda";6906
"Vilde";6907
"Vildis";6908
"Vildrid";6909
"Vilfrid";6910
"Vilfrida";6911
"Vilgerd";6912
"Vilgjerd";6913
"Vilgu";6914
"Vilgun";6915
"Vilhelma";6916
"Vilhelmina";6917
"Vilhelmine";6918
"Vilja";6919
"Vilje";6920
"Villa";6921
"Villemo";6922
"Villgun";6923
"Villumine";6924
"Vilma";6925
"Vilmeke";6926
"Vilmike";6927
"Vilmy";6928
"Vilru";6929
"Viltrud";6930
"Vina";6931
"Vinni";6932
"Vinnie";6933
"Vinny";6934
"Viola";6935
"Viole";6936
"Violet";6937
"Violeta";6938
"Violett";6939
"Violetta";6940
"Violette";6941
"Viona";6942
"Vira";6943
"Virginia";6944
"Virginie";6945
"Vita";6946
"Viva";6947
"Viva";6948
"Viveca";6949
"Vivece";6950
"Vivek";6951
"Viveka";6952
"Viveke";6953
"Vivi";6954
"Vivia";6955
"Viviana";6956
"Viviane";6957
"Vivian";6958
"Vivianne";6959
"Vivica";6960
"Vivich";6961
"Vivie";6962
"Vivie";6963
"Vivienne";6964
"Vivik";6965
"Vivike";6966
"Vivil";6967
"Vivild";6968
"Vivill";6969
"Vivvi";6970
"Vori";6971
"Vuokko";6972
"Walbor";6973
"Walborg";6974
"Waldina";6975
"Waldine";6976
"Waldis";6977
"Walger";6978
"Walgerd";6979
"Walgiær";6980
"Walgier";6981
"Walgjær";6982
"Walgjer";6983
"Walgjerd";6984
"Waljær";6985
"Waljer";6986
"Waljerd";6987
"Wally";6988
"Walny";6989
"Waltraud";6990
"Wanda";6991
"Wania";6992
"Wanja";6993
"Wår";6994
"Warda";6995
"Webjørg";6996
"Welene";6997
"Welina";6998
"Weline";6999
"Welline";7000
"Welma";7001
"Wenche";7002
"Wencke";7003
"Wendel";7004
"Wendela";7005
"Wendla";7006
"Wendy";7007
"Weneke";7008
"Wenja";7009
"Wenke";7010
"Wenny";7011
"Wera";7012
"Werna";7013
"Weronica";7014
"Weronicha";7015
"Weronika";7016
"Wibeche";7017
"Wibecke";7018
"Wibeke";7019
"Wibekke";7020
"Wicki";7021
"Wicky";7022
"Wictoria";7023
"Wiebke";7024
"Wiel";7025
"Wigdis";7026
"Wiil";7027
"Wiktoria";7028
"Wilbjørg";7029
"Wilborg";7030
"Wilda";7031
"Wilde";7032
"Wilfrid";7033
"Wilhelma";7034
"Wilhelmina";7035
"Wilhelmine";7036
"Wilhelmmine";7037
"Wilhilmine";7038
"Wilja";7039
"Willa";7040
"Willemina";7041
"Willfrida";7042
"Willgun";7043
"Williamina";7044
"Willie";7045
"Willow";7046
"Willy";7047
"Wilma";7048
"Wilmy";7049
"Wiltrud";7050
"Wina";7051
"Winfred";7052
"Winifred";7053
"Winni";7054
"Winnie";7055
"Winnifred";7056
"Winny";7057
"Winona";7058
"Wiola";7059
"Wiolet";7060
"Wioletta";7061
"Wirginia";7062
"Wirginie";7063
"Wiveca";7064
"Wiveke";7065
"Wivi";7066
"Wivia";7067
"Wivian";7068
"Wivich";7069
"Wivik";7070
"Wiwi";7071
"Xandra";7072
"Xenia";7073
"Yael";7074
"Yamina";7075
"Yana";7076
"Yara";7077
"Yasmee";7078
"Yasmi";7079
"Yasmina";7080
"Yasmine";7081
"Yazmi";7082
"Yenni";7083
"Yesica";7084
"Yessica";7085
"Ylva";7086
"Ylvi";7087
"Ymbjørg";7088
"Yndis";7089
"Ynghild";7090
"Yngva";7091
"Yngvarda";7092
"Yngveig";7093
"Yngvil";7094
"Yngvild";7095
"Yngvill";7096
"Yodit";7097
"Yolanda";7098
"Yolande";7099
"Yrja";7100
"Yrsa";7101
"Yulia";7102
"Yuna";7103
"Yvette";7104
"Yvon";7105
"Yvonne";7106
"Zabrina";7107
"Zacharine";7108
"Zahra";7109
"Zaida";7110
"Zamira";7111
"Zandra";7112
"Zanna";7113
"Zara";7114
"Zarah";7115
"Zarina";7116
"Zarine";7117
"Zedena";7118
"Zedina";7119
"Zedine";7120
"Zekine";7121
"Zelda";7122
"Zelma";7123
"Zena";7124
"Zenaida";7125
"Zenia";7126
"Zerlina";7127
"Zille";7128
"Zina";7129
"Zinaida";7130
"Zipora";7131
"Zippora";7132
"Zita";7133
"Zithara";7134
"Zoe";7135
"Zoey";7136
"Zofia";7137
"Zora";7138
"Zorica";7139
"Zorka";7140
"Zsuzsanna";7141
"Zuzana";7142
"Zuzanna";7143
"Zylla";7144
